id,first_name,last_name,email,gender,ip_address,,hire_date
1,Raymond,Hart,rhart0@imdb.com,Male,241.255.54.28,,3/28/2013
2,Judith,Flores,jflores1@hhs.gov,Female,7.255.179.205,,11/19/2009
3,Jose,Rivera,jrivera2@si.edu,Male,143.229.38.156,,4/19/2011
4,Wanda,Murray,wmurray3@google.com.hk,Female,12.151.149.41,,11/11/2007
5,Joseph,Stewart,jstewart4@hostgator.com,Male,226.151.7.179,,11/14/2005
6,Bruce,Hill,bhill5@theglobeandmail.com,Male,28.179.107.178,,4/26/2005
7,Rose,Adams,radams6@wikispaces.com,Female,42.44.243.111,,10/21/2011
8,Randy,Barnes,rbarnes7@bigcartel.com,Male,114.103.183.158,,12/14/2007
9,Catherine,Berry,cberry8@webnode.com,Female,242.38.97.42,,6/27/2006
10,Brian,Holmes,bholmes9@joomla.org,Male,170.17.112.197,,5/14/2008
11,Peter,Mason,pmasona@ask.com,Male,110.193.222.9,,6/26/2007
12,Ann,Walker,awalkerb@dailymail.co.uk,Female,67.112.176.201,,5/25/2014
13,Judy,Gibson,jgibsonc@prnewswire.com,Female,167.14.47.252,,3/17/2007
14,Joshua,Rice,jriced@state.gov,Male,103.170.202.64,,3/4/2006
15,Andrea,Fowler,afowlere@mashable.com,Female,89.0.227.60,,1/23/2016
16,Louis,Boyd,lboydf@latimes.com,Male,80.208.225.23,,6/20/2015
17,David,Baker,dbakerg@reuters.com,Male,116.237.176.186,,8/31/2012
18,Martha,Jacobs,mjacobsh@wufoo.com,Female,230.220.153.42,,5/16/2008
19,Diana,Lewis,dlewisi@va.gov,Female,124.156.203.154,,9/11/2012
20,Victor,Banks,vbanksj@samsung.com,Male,245.65.27.5,,7/31/2003
21,Nicholas,Day,ndayk@bluehost.com,Male,142.55.148.16,,3/11/2014
22,Richard,Montgomery,rmontgomeryl@cocolog-nifty.com,Male,196.242.118.3,,2/12/2007
23,Eric,Clark,eclarkm@google.fr,Male,54.66.90.144,,12/27/2010
24,Louise,Fox,lfoxn@opera.com,Female,103.1.15.45,,7/4/2004
25,Juan,Lewis,jlewiso@reddit.com,Male,45.89.91.5,,9/15/2005
26,Gregory,Martinez,gmartinezp@gov.uk,Male,238.28.149.169,,1/2/2007
27,Ernest,Wheeler,ewheelerq@canalblog.com,Male,94.179.45.52,,2/24/2003
28,Frank,Smith,fsmithr@constantcontact.com,Male,113.199.87.209,,8/10/2000
29,Kimberly,Marshall,kmarshalls@elpais.com,Female,118.164.16.221,,8/27/2002
30,Gregory,Meyer,gmeyert@elegantthemes.com,Male,2.0.228.23,,5/14/2014
31,William,Rogers,wrogersu@imgur.com,Male,34.231.211.111,,1/30/2009
32,Willie,Garza,wgarzav@ask.com,Male,13.230.177.132,,9/16/2003
33,Donna,Fox,dfoxw@statcounter.com,Female,103.215.147.87,,5/23/2007
34,Anna,Dixon,adixonx@myspace.com,Female,69.109.132.22,,12/22/2000
35,Benjamin,Scott,bscotty@homestead.com,Male,240.21.34.170,,6/4/2004
36,Andrew,Hughes,ahughesz@github.com,Male,139.21.102.250,,9/29/2006
37,Bobby,Alvarez,balvarez10@ucoz.ru,Male,183.105.24.178,,1/19/2008
38,Jean,Berry,jberry11@fotki.com,Female,92.232.45.215,,10/10/2000
39,Kathleen,Cunningham,kcunningham12@mysql.com,Female,244.155.232.144,,3/22/2003
40,Randy,Kennedy,rkennedy13@mac.com,Male,68.247.252.219,,11/20/2002
41,Fred,Reyes,freyes14@instagram.com,Male,89.35.11.98,,3/12/2011
42,Ernest,Elliott,eelliott15@oakley.com,Male,246.30.186.180,,7/9/2012
43,Mary,Berry,mberry16@freewebs.com,Female,0.234.137.70,,10/29/2002
44,Kathy,Evans,kevans17@wiley.com,Female,192.76.56.146,,8/31/2015
45,Donna,Gutierrez,dgutierrez18@shinystat.com,Female,134.206.20.248,,10/7/2010
46,Jose,Hudson,jhudson19@photobucket.com,Male,152.95.79.84,,10/15/2015
47,Kathy,Payne,kpayne1a@de.vu,Female,187.205.13.222,,12/1/2015
48,Kathryn,Barnes,kbarnes1b@friendfeed.com,Female,55.87.104.201,,9/6/2008
49,Billy,Grant,bgrant1c@fda.gov,Male,95.46.54.241,,2/21/2014
50,Samuel,Rose,srose1d@seesaa.net,Male,5.233.167.183,,12/20/2010
51,Jean,Rodriguez,jrodriguez1e@unesco.org,Female,216.138.24.181,,6/10/2016
52,Jeremy,Hamilton,jhamilton1f@indiegogo.com,Male,11.163.81.121,,3/20/2012
53,Donald,Smith,dsmith1g@free.fr,Male,249.90.107.84,,9/13/2004
54,Lillian,Bennett,lbennett1h@cnet.com,Female,112.82.234.185,,8/12/2015
55,Denise,Robertson,drobertson1i@cbc.ca,Female,223.195.3.37,,8/29/2003
56,Rebecca,Meyer,rmeyer1j@cam.ac.uk,Female,231.214.111.3,,10/28/2015
57,Donald,Adams,dadams1k@blinklist.com,Male,23.1.87.114,,10/31/2003
58,Philip,Morgan,pmorgan1l@sphinn.com,Male,63.169.232.163,,2/17/2003
59,Janice,Wright,jwright1m@earthlink.net,Female,78.106.249.94,,7/26/2013
60,Raymond,Wright,rwright1n@senate.gov,Male,120.3.47.223,,7/5/2002
61,Gloria,Franklin,gfranklin1o@shop-pro.jp,Female,171.92.6.202,,11/12/2010
62,Jason,Alvarez,jalvarez1p@example.com,Male,6.130.34.138,,5/22/2001
63,Karen,Ross,kross1q@youku.com,Female,84.2.166.120,,6/24/2010
64,Michael,Taylor,mtaylor1r@google.nl,Male,168.153.87.159,,10/12/2002
65,Julie,Bennett,jbennett1s@answers.com,Female,229.191.252.3,,1/22/2010
66,Ryan,Daniels,rdaniels1t@goodreads.com,Male,155.234.34.4,,3/21/2003
67,Jose,Lee,jlee1u@fda.gov,Male,36.97.212.12,,7/20/2001
68,Patrick,Porter,pporter1v@php.net,Male,109.80.80.170,,1/23/2003
69,Tina,Dean,tdean1w@merriam-webster.com,Female,228.234.64.136,,12/27/2000
70,Christine,Harrison,charrison1x@taobao.com,Female,253.26.64.68,,5/16/2013
71,Andrew,Johnson,ajohnson1y@adobe.com,Male,242.124.180.101,,6/6/2007
72,Brandon,Wheeler,bwheeler1z@rediff.com,Male,45.163.250.61,,10/29/2006
73,Todd,Hernandez,thernandez20@myspace.com,Male,99.88.46.112,,9/18/2010
74,Chris,Lewis,clewis21@quantcast.com,Male,129.87.111.85,,3/2/2011
75,Theresa,Reyes,treyes22@instagram.com,Female,220.107.144.155,,11/8/2004
76,Deborah,Carpenter,dcarpenter23@ebay.com,Female,198.41.117.184,,1/26/2014
77,Kathy,Medina,kmedina24@utexas.edu,Female,228.186.211.132,,1/21/2007
78,Edward,Smith,esmith25@cyberchimps.com,Male,50.110.119.214,,8/25/2002
79,Julie,Peterson,jpeterson26@state.gov,Female,250.111.113.219,,2/25/2012
80,Stephen,Sullivan,ssullivan27@webmd.com,Male,240.231.229.119,,6/11/2006
81,Kathy,Torres,ktorres28@jigsy.com,Female,111.0.205.98,,3/24/2016
82,Patricia,Stone,pstone29@theglobeandmail.com,Female,238.17.11.189,,11/12/2015
83,Anthony,Young,ayoung2a@homestead.com,Male,96.38.225.213,,8/18/2006
84,Earl,Clark,eclark2b@github.io,Male,225.6.178.76,,2/15/2009
85,Roy,Hunter,rhunter2c@ifeng.com,Male,255.20.245.231,,5/4/2015
86,Juan,Richards,jrichards2d@themeforest.net,Male,219.245.218.238,,2/16/2007
87,Raymond,Fernandez,rfernandez2e@imageshack.us,Male,55.175.40.62,,5/15/2011
88,Juan,Sanchez,jsanchez2f@dyndns.org,Male,152.41.171.67,,4/18/2009
89,Frances,Murray,fmurray2g@washingtonpost.com,Female,105.247.123.116,,7/30/2012
90,Keith,Frazier,kfrazier2h@taobao.com,Male,227.116.74.0,,12/4/2014
91,David,Sanchez,dsanchez2i@gnu.org,Male,30.57.89.76,,9/7/2006
92,Lillian,Taylor,ltaylor2j@toplist.cz,Female,49.45.83.129,,10/7/2005
93,Harold,Rodriguez,hrodriguez2k@ow.ly,Male,46.203.15.61,,11/9/2006
94,Nicholas,Jordan,njordan2l@dion.ne.jp,Male,39.29.153.43,,10/9/2010
95,Jerry,Larson,jlarson2m@blogger.com,Male,174.191.91.181,,12/14/2010
96,Janice,Gomez,jgomez2n@reuters.com,Female,239.227.144.92,,1/26/2003
97,Ashley,Hernandez,ahernandez2o@yahoo.com,Female,60.162.200.108,,4/3/2002
98,Walter,Duncan,wduncan2p@163.com,Male,131.158.218.85,,3/21/2004
99,Rebecca,Fuller,rfuller2q@example.com,Female,116.101.18.129,,6/21/2009
100,Christopher,Elliott,celliott2r@zimbio.com,Male,147.92.166.106,,1/25/2015
101,Sharon,Morgan,smorgan2s@smh.com.au,Female,58.73.47.227,,8/8/2009
102,Roger,Cooper,rcooper2t@drupal.org,Male,238.196.229.215,,3/9/2010
103,Andrew,Hayes,ahayes2u@sakura.ne.jp,Male,55.47.196.184,,1/28/2006
104,Christopher,Washington,cwashington2v@google.co.jp,Male,128.228.245.57,,12/7/2009
105,Amanda,Jacobs,ajacobs2w@prweb.com,Female,10.172.60.0,,11/24/2014
106,Nancy,Greene,ngreene2x@wisc.edu,Female,229.150.26.85,,11/26/2001
107,Deborah,Mills,dmills2y@aboutads.info,Female,49.182.84.39,,11/17/2002
108,Paula,Johnson,pjohnson2z@blogs.com,Female,154.134.78.48,,3/9/2006
109,Cheryl,Cole,ccole30@webs.com,Female,156.183.172.74,,2/4/2013
110,Mark,Morales,mmorales31@wordpress.org,Male,225.156.171.85,,2/25/2002
111,Elizabeth,Scott,escott32@hao123.com,Female,181.189.140.81,,1/23/2012
112,Mark,Daniels,mdaniels33@hatena.ne.jp,Male,254.197.32.130,,8/16/2010
113,Wayne,Hicks,whicks34@unicef.org,Male,65.218.90.80,,4/28/2014
114,Aaron,Washington,awashington35@woothemes.com,Male,253.1.232.103,,1/19/2012
115,Russell,Olson,rolson36@cargocollective.com,Male,49.28.23.195,,9/21/2005
116,Marie,Jenkins,mjenkins37@myspace.com,Female,155.119.91.137,,12/28/2005
117,Jesse,Andrews,jandrews38@nydailynews.com,Male,64.66.166.166,,8/20/2008
118,Juan,Ward,jward39@blogtalkradio.com,Male,221.99.70.58,,11/1/2006
119,Victor,Wagner,vwagner3a@reddit.com,Male,58.72.64.178,,5/31/2009
120,Carl,Taylor,ctaylor3b@behance.net,Male,67.177.188.182,,1/19/2001
121,Craig,Fields,cfields3c@amazon.co.uk,Male,202.114.28.30,,7/15/2012
122,Sharon,Dixon,sdixon3d@cnn.com,Female,55.101.180.241,,8/8/2008
123,Lois,Fuller,lfuller3e@trellian.com,Female,17.195.181.173,,4/6/2007
124,Clarence,Nichols,cnichols3f@hatena.ne.jp,Male,88.172.15.89,,6/17/2002
125,Phillip,Fuller,pfuller3g@yolasite.com,Male,129.217.136.10,,5/21/2014
126,Susan,Hamilton,shamilton3h@dailymail.co.uk,Female,153.220.132.67,,8/7/2009
127,Debra,Schmidt,dschmidt3i@woothemes.com,Female,73.86.201.161,,9/9/2014
128,Susan,Davis,sdavis3j@google.pl,Female,135.218.84.185,,3/16/2013
129,Beverly,Jackson,bjackson3k@reverbnation.com,Female,223.51.141.159,,8/13/2008
130,Henry,Dunn,hdunn3l@slideshare.net,Male,12.42.83.149,,4/30/2004
131,Diane,Taylor,dtaylor3m@google.co.uk,Female,51.236.122.36,,1/22/2014
132,Louise,Jenkins,ljenkins3n@amazon.com,Female,118.179.56.156,,5/11/2007
133,Tina,Russell,trussell3o@pagesperso-orange.fr,Female,188.193.122.83,,5/25/2001
134,Anthony,Reid,areid3p@ted.com,Male,77.19.200.7,,7/30/2015
135,Dorothy,Day,dday3q@163.com,Female,83.211.60.90,,2/23/2002
136,Philip,Watkins,pwatkins3r@telegraph.co.uk,Male,216.144.229.199,,7/5/2010
137,Ruth,Washington,rwashington3s@nytimes.com,Female,204.145.36.186,,12/9/2009
138,Mary,Fuller,mfuller3t@marketwatch.com,Female,74.68.166.213,,10/18/2009
139,Anna,Larson,alarson3u@cbc.ca,Female,172.235.48.252,,2/26/2015
140,Larry,Rogers,lrogers3v@purevolume.com,Male,15.233.89.81,,12/2/2009
141,Jerry,Fernandez,jfernandez3w@dagondesign.com,Male,210.184.176.184,,12/25/2002
142,Michael,Hughes,mhughes3x@is.gd,Male,126.111.17.42,,10/23/2003
143,Brandon,King,bking3y@simplemachines.org,Male,112.66.128.60,,9/24/2009
144,Juan,Fox,jfox3z@un.org,Male,143.191.241.178,,5/7/2002
145,Paula,Jones,pjones40@adobe.com,Female,236.11.56.95,,7/21/2009
146,Richard,Russell,rrussell41@cocolog-nifty.com,Male,52.24.29.48,,2/28/2004
147,Teresa,Lewis,tlewis42@yolasite.com,Female,42.234.49.31,,8/13/2007
148,Joseph,Ruiz,jruiz43@webmd.com,Male,58.10.66.29,,6/14/2009
149,Adam,Riley,ariley44@craigslist.org,Male,151.86.202.113,,6/25/2005
150,Diane,Powell,dpowell45@wired.com,Female,188.45.214.12,,10/7/2006
151,Paula,Johnston,pjohnston46@spotify.com,Female,42.151.12.193,,9/15/2008
152,Bobby,Garrett,bgarrett47@imgur.com,Male,49.221.221.245,,2/3/2004
153,Cynthia,Gibson,cgibson48@nps.gov,Female,129.25.206.41,,3/28/2004
154,Mildred,Larson,mlarson49@mapy.cz,Female,23.100.109.140,,9/29/2006
155,Philip,Washington,pwashington4a@cdbaby.com,Male,167.119.93.163,,9/23/2009
156,Jessica,Dean,jdean4b@networkadvertising.org,Female,192.251.160.62,,7/12/2004
157,Sean,Castillo,scastillo4c@tiny.cc,Male,184.252.149.15,,10/1/2015
158,Gloria,Ryan,gryan4d@soup.io,Female,42.114.162.133,,9/7/2005
159,Earl,Alvarez,ealvarez4e@gnu.org,Male,79.27.24.229,,12/22/2006
160,Jerry,Duncan,jduncan4f@goo.ne.jp,Male,217.97.26.136,,6/15/2002
161,Ernest,Hicks,ehicks4g@sciencedaily.com,Male,155.109.151.26,,10/17/2003
162,Julia,Gutierrez,jgutierrez4h@ning.com,Female,227.177.80.48,,7/31/2012
163,Kimberly,Howard,khoward4i@go.com,Female,161.146.202.139,,6/26/2014
164,Janice,Nelson,jnelson4j@jigsy.com,Female,146.28.228.25,,4/5/2003
165,Lisa,Mitchell,lmitchell4k@mapquest.com,Female,99.194.170.181,,1/13/2015
166,Alan,Butler,abutler4l@bloglovin.com,Male,74.154.31.217,,3/18/2002
167,Michael,Cook,mcook4m@msu.edu,Male,147.42.119.182,,1/21/2013
168,Susan,Richards,srichards4n@earthlink.net,Female,158.34.46.154,,3/5/2002
169,Benjamin,Harris,bharris4o@quantcast.com,Male,117.130.56.196,,10/27/2013
170,Denise,Cruz,dcruz4p@earthlink.net,Female,162.237.110.108,,11/21/2009
171,Lillian,Reed,lreed4q@123-reg.co.uk,Female,118.163.181.83,,2/17/2014
172,Kathleen,Ramos,kramos4r@google.com.br,Female,122.1.109.219,,8/15/2011
173,Jimmy,Day,jday4s@gmpg.org,Male,253.162.190.127,,9/26/2005
174,Jose,Bailey,jbailey4t@census.gov,Male,47.146.55.167,,2/9/2005
175,Melissa,Jenkins,mjenkins4u@ucoz.com,Female,252.198.68.159,,1/27/2007
176,Robert,Collins,rcollins4v@flickr.com,Male,91.144.238.128,,10/24/2006
177,Todd,Daniels,tdaniels4w@google.es,Male,76.122.2.62,,4/13/2006
178,Kathy,Marshall,kmarshall4x@dell.com,Female,151.66.164.174,,2/14/2009
179,Richard,Brown,rbrown4y@answers.com,Male,34.124.242.210,,9/2/2002
180,Martin,Barnes,mbarnes4z@auda.org.au,Male,6.83.206.30,,4/16/2001
181,Antonio,Ford,aford50@infoseek.co.jp,Male,104.72.14.121,,9/5/2013
182,Clarence,Walker,cwalker51@guardian.co.uk,Male,8.179.102.175,,6/14/2016
183,Joshua,Stephens,jstephens52@rediff.com,Male,157.207.239.95,,12/9/2011
184,Ruby,Evans,revans53@china.com.cn,Female,244.136.220.38,,12/28/2001
185,Jennifer,Ramirez,jramirez54@wp.com,Female,241.42.225.235,,11/19/2005
186,Amanda,Washington,awashington55@reference.com,Female,84.1.5.172,,12/4/2008
187,Barbara,Hanson,bhanson56@aboutads.info,Female,16.115.210.130,,3/11/2008
188,Philip,Arnold,parnold57@jigsy.com,Male,130.17.136.184,,3/1/2012
189,Carl,Garrett,cgarrett58@census.gov,Male,59.197.234.160,,7/20/2007
190,Andrew,Rivera,arivera59@mozilla.com,Male,35.41.121.85,,4/12/2009
191,Michelle,Brooks,mbrooks5a@unblog.fr,Female,232.11.169.39,,10/14/2005
192,Elizabeth,Armstrong,earmstrong5b@fotki.com,Female,250.211.244.82,,9/23/2013
193,Todd,Martinez,tmartinez5c@biglobe.ne.jp,Male,176.115.127.12,,6/7/2008
194,James,Griffin,jgriffin5d@google.ca,Male,137.107.40.185,,12/31/2006
195,Mary,Gomez,mgomez5e@mtv.com,Female,241.230.165.253,,12/18/2013
196,Katherine,Reid,kreid5f@ftc.gov,Female,190.51.204.253,,4/25/2010
197,Craig,Dixon,cdixon5g@360.cn,Male,254.225.103.21,,8/2/2003
198,Harold,Harrison,hharrison5h@wordpress.org,Male,19.152.195.35,,6/14/2002
199,Marilyn,Clark,mclark5i@state.gov,Female,65.34.116.71,,10/30/2008
200,Ruby,Gray,rgray5j@telegraph.co.uk,Female,233.128.204.92,,9/19/2010
201,Janice,Woods,jwoods5k@prweb.com,Female,18.168.243.175,,9/18/2013
202,Johnny,Graham,jgraham5l@cocolog-nifty.com,Male,230.147.202.94,,11/2/2005
203,Emily,Jenkins,ejenkins5m@slate.com,Female,8.183.170.9,,11/2/2008
204,Patrick,Williams,pwilliams5n@loc.gov,Male,85.140.114.55,,9/11/2004
205,Andrea,Cruz,acruz5o@ftc.gov,Female,59.143.151.242,,4/22/2011
206,Kelly,Young,kyoung5p@fema.gov,Female,210.101.222.95,,7/5/2007
207,Willie,Davis,wdavis5q@wufoo.com,Male,245.218.111.233,,6/20/2006
208,Jesse,Coleman,jcoleman5r@opensource.org,Male,62.106.34.34,,3/14/2003
209,Diane,Burke,dburke5s@google.cn,Female,118.88.28.147,,8/8/2011
210,James,Banks,jbanks5t@tripod.com,Male,222.125.114.211,,12/28/2007
211,Diane,Lynch,dlynch5u@prnewswire.com,Female,226.144.227.167,,8/7/2009
212,Andrea,Weaver,aweaver5v@theatlantic.com,Female,221.91.67.205,,8/12/2002
213,William,White,wwhite5w@typepad.com,Male,74.193.201.76,,9/21/2005
214,Ernest,Larson,elarson5x@is.gd,Male,106.253.61.215,,4/23/2009
215,Joyce,Hanson,jhanson5y@cnbc.com,Female,143.251.63.120,,3/7/2011
216,Judy,Simmons,jsimmons5z@behance.net,Female,204.114.96.230,,6/7/2012
217,Shawn,Rogers,srogers60@hostgator.com,Male,91.144.25.177,,9/20/2012
218,Sarah,Hicks,shicks61@cmu.edu,Female,47.182.119.147,,4/29/2009
219,Elizabeth,Riley,eriley62@google.cn,Female,169.1.173.136,,12/7/2000
220,Anne,Lewis,alewis63@bing.com,Female,244.63.148.62,,11/4/2009
221,Patrick,Powell,ppowell64@list-manage.com,Male,194.215.29.102,,12/15/2004
222,Theresa,Butler,tbutler65@shutterfly.com,Female,151.219.9.190,,5/18/2009
223,Todd,Rivera,trivera66@uol.com.br,Male,132.183.118.11,,9/4/2011
224,Justin,Spencer,jspencer67@multiply.com,Male,39.255.218.117,,4/10/2005
225,Dorothy,Coleman,dcoleman68@rediff.com,Female,174.179.218.96,,1/21/2011
226,Samuel,Powell,spowell69@mysql.com,Male,243.180.173.131,,4/2/2007
227,Willie,Gilbert,wgilbert6a@acquirethisname.com,Male,171.14.209.208,,7/27/2012
228,Chris,Stephens,cstephens6b@marketwatch.com,Male,204.26.228.234,,11/6/2006
229,Daniel,Morris,dmorris6c@omniture.com,Male,241.75.122.182,,9/30/2008
230,Cynthia,Hill,chill6d@flickr.com,Female,65.140.221.95,,7/7/2004
231,Juan,Griffin,jgriffin6e@nature.com,Male,5.47.172.111,,7/14/2006
232,Joyce,Ray,jray6f@mlb.com,Female,27.189.219.28,,11/6/2001
233,Robert,Black,rblack6g@squidoo.com,Male,219.175.197.210,,1/24/2011
234,Howard,Webb,hwebb6h@mit.edu,Male,188.224.202.5,,9/1/2000
235,Robin,Palmer,rpalmer6i@columbia.edu,Female,153.142.131.175,,9/24/2002
236,Sharon,Payne,spayne6j@eepurl.com,Female,150.64.238.176,,12/24/2015
237,Paul,Franklin,pfranklin6k@vistaprint.com,Male,214.48.157.248,,2/2/2002
238,Judy,Ellis,jellis6l@oracle.com,Female,236.74.81.184,,2/2/2010
239,Eugene,Perez,eperez6m@meetup.com,Male,127.171.177.172,,11/8/2001
240,Christine,Johnson,cjohnson6n@webmd.com,Female,0.10.248.140,,10/31/2012
241,Dorothy,Ortiz,dortiz6o@comcast.net,Female,189.68.29.29,,3/22/2006
242,Rachel,Fields,rfields6p@independent.co.uk,Female,94.23.75.54,,12/8/2000
243,Frances,Lane,flane6q@sbwire.com,Female,225.116.223.38,,11/9/2006
244,Eugene,Harvey,eharvey6r@lulu.com,Male,112.243.142.28,,4/6/2012
245,Charles,Sullivan,csullivan6s@spiegel.de,Male,253.238.236.23,,7/1/2011
246,Kathy,Ramirez,kramirez6t@state.tx.us,Female,164.60.248.201,,5/7/2015
247,Stephanie,Nguyen,snguyen6u@360.cn,Female,119.37.35.77,,9/1/2009
248,Jack,White,jwhite6v@paypal.com,Male,252.207.23.155,,7/31/2005
249,Lawrence,Peters,lpeters6w@thetimes.co.uk,Male,168.119.170.107,,12/4/2014
250,Dennis,Jordan,djordan6x@bloglovin.com,Male,179.250.229.214,,6/2/2010
251,Jeffrey,Stevens,jstevens6y@skype.com,Male,247.49.218.65,,10/31/2011
252,Thomas,Ramos,tramos6z@facebook.com,Male,240.91.239.105,,12/17/2004
253,Steven,Willis,swillis70@amazon.de,Male,220.63.125.170,,2/12/2004
254,Robert,Dunn,rdunn71@huffingtonpost.com,Male,151.69.226.53,,3/25/2013
255,Jessica,Meyer,jmeyer72@jugem.jp,Female,102.167.89.219,,4/1/2014
256,Jacqueline,Stanley,jstanley73@flavors.me,Female,205.3.12.14,,2/7/2003
257,Benjamin,Morris,bmorris74@wordpress.com,Male,37.110.55.26,,3/30/2002
258,Stephanie,Williamson,swilliamson75@nydailynews.com,Female,160.132.86.24,,2/26/2002
259,Gloria,Hayes,ghayes76@blogtalkradio.com,Female,234.190.178.218,,11/13/2015
260,Sara,Baker,sbaker77@list-manage.com,Female,203.171.233.48,,7/11/2011
261,Ashley,Fox,afox78@sfgate.com,Female,18.252.11.229,,7/22/2009
262,Alice,Reyes,areyes79@washingtonpost.com,Female,202.243.186.61,,5/27/2008
263,Amanda,Lawson,alawson7a@acquirethisname.com,Female,114.81.104.46,,2/19/2001
264,Jack,Gilbert,jgilbert7b@house.gov,Male,108.145.244.28,,4/25/2003
265,Michael,Rivera,mrivera7c@spotify.com,Male,187.111.231.5,,5/5/2008
266,Donald,Fisher,dfisher7d@friendfeed.com,Male,229.235.112.58,,3/13/2010
267,Lillian,Chavez,lchavez7e@squarespace.com,Female,100.26.117.64,,10/29/2010
268,Anne,Garcia,agarcia7f@princeton.edu,Female,37.25.39.228,,9/6/2014
269,Nicholas,Rivera,nrivera7g@marketwatch.com,Male,10.100.200.120,,2/3/2007
270,Doris,Diaz,ddiaz7h@slate.com,Female,236.22.119.13,,11/18/2007
271,Debra,Bell,dbell7i@theatlantic.com,Female,66.38.124.15,,7/18/2016
272,Kathryn,Diaz,kdiaz7j@github.com,Female,225.160.165.156,,9/11/2003
273,Edward,Gutierrez,egutierrez7k@ezinearticles.com,Male,110.208.209.3,,4/5/2004
274,Alan,Medina,amedina7l@bloomberg.com,Male,203.34.194.255,,6/8/2008
275,Frances,Morgan,fmorgan7m@themeforest.net,Female,202.172.165.169,,9/14/2014
276,Michelle,Anderson,manderson7n@prnewswire.com,Female,64.53.176.136,,1/20/2012
277,Jerry,Stewart,jstewart7o@ft.com,Male,206.228.34.116,,9/26/2004
278,Jeffrey,Payne,jpayne7p@paginegialle.it,Male,26.191.102.71,,4/1/2003
279,Scott,Wheeler,swheeler7q@opensource.org,Male,123.120.250.86,,1/29/2007
280,Amanda,Brooks,abrooks7r@t.co,Female,61.15.0.230,,11/22/2012
281,Martin,Green,mgreen7s@instagram.com,Male,239.11.192.75,,6/2/2009
282,Ashley,Garza,agarza7t@umn.edu,Female,92.32.13.95,,5/7/2014
283,Anthony,Cook,acook7u@whitehouse.gov,Male,199.161.225.220,,11/16/2001
284,Joan,Berry,jberry7v@booking.com,Female,137.108.130.241,,12/27/2003
285,Gerald,Grant,ggrant7w@bloomberg.com,Male,103.80.224.208,,10/9/2004
286,Kelly,Morris,kmorris7x@smh.com.au,Female,102.44.207.167,,9/8/2014
287,Bruce,Thomas,bthomas7y@pinterest.com,Male,26.225.240.211,,2/23/2007
288,Amy,Jacobs,ajacobs7z@msu.edu,Female,255.236.202.93,,2/18/2001
289,Bobby,Mitchell,bmitchell80@illinois.edu,Male,128.229.18.28,,12/16/2012
290,Kathryn,Henry,khenry81@mayoclinic.com,Female,208.215.71.223,,6/2/2003
291,Carl,Coleman,ccoleman82@wp.com,Male,62.71.2.180,,2/12/2016
292,Roy,Gardner,rgardner83@wordpress.org,Male,222.138.240.129,,7/16/2015
293,Kimberly,Thompson,kthompson84@bloomberg.com,Female,113.154.181.124,,10/26/2009
294,Carol,Sanchez,csanchez85@washingtonpost.com,Female,33.217.169.176,,3/15/2005
295,Dennis,Cunningham,dcunningham86@oakley.com,Male,236.190.94.177,,6/12/2004
296,Carol,Stanley,cstanley87@google.nl,Female,63.142.23.215,,9/9/2005
297,Angela,Mitchell,amitchell88@wix.com,Female,100.85.183.144,,8/3/2001
298,Paula,Grant,pgrant89@wsj.com,Female,250.43.215.11,,12/10/2000
299,Stephen,Price,sprice8a@state.gov,Male,229.245.183.35,,4/28/2012
300,Patrick,Fuller,pfuller8b@rakuten.co.jp,Male,127.50.209.182,,8/1/2015
301,Eugene,Garcia,egarcia8c@mlb.com,Male,93.132.155.18,,7/27/2013
302,Margaret,Jordan,mjordan8d@dell.com,Female,193.192.107.183,,7/27/2009
303,Kathleen,Dean,kdean8e@parallels.com,Female,17.2.85.246,,7/24/2011
304,Kevin,Nichols,knichols8f@mayoclinic.com,Male,207.214.178.66,,10/12/2015
305,Frank,Mccoy,fmccoy8g@wikispaces.com,Male,110.3.147.170,,10/11/2004
306,Jason,Brown,jbrown8h@ovh.net,Male,218.26.30.29,,12/16/2002
307,Sandra,Lane,slane8i@cnn.com,Female,68.56.200.70,,6/18/2013
308,Alan,Bennett,abennett8j@fc2.com,Male,0.9.29.80,,11/8/2001
309,Gerald,Ortiz,gortiz8k@globo.com,Male,150.222.172.255,,8/2/2004
310,Beverly,Carpenter,bcarpenter8l@myspace.com,Female,187.75.135.250,,8/27/2015
311,Carolyn,Green,cgreen8m@usgs.gov,Female,206.156.108.166,,7/19/2008
312,Kevin,Ferguson,kferguson8n@behance.net,Male,37.41.75.110,,3/19/2008
313,Charles,Garza,cgarza8o@cafepress.com,Male,46.252.239.54,,10/5/2001
314,Linda,Phillips,lphillips8p@nih.gov,Female,249.82.4.21,,6/26/2010
315,Randy,Carroll,rcarroll8q@yolasite.com,Male,149.172.233.197,,12/4/2015
316,Joyce,Wells,jwells8r@zimbio.com,Female,223.187.181.162,,7/22/2008
317,Victor,Burton,vburton8s@columbia.edu,Male,40.204.155.193,,12/8/2004
318,Christine,Lawson,clawson8t@paypal.com,Female,134.135.111.87,,6/4/2016
319,Dennis,James,djames8u@tripod.com,Male,220.196.219.193,,4/25/2016
320,Daniel,Bennett,dbennett8v@livejournal.com,Male,173.173.254.18,,5/1/2014
321,Jessica,Ramirez,jramirez8w@google.pl,Female,75.166.188.182,,6/9/2012
322,Maria,Wilson,mwilson8x@indiatimes.com,Female,155.114.206.255,,1/12/2010
323,Frank,Ortiz,fortiz8y@msu.edu,Male,42.191.63.223,,3/3/2011
324,Gerald,Miller,gmiller8z@nps.gov,Male,172.56.129.101,,1/3/2003
325,Kathleen,Garza,kgarza90@cbc.ca,Female,50.30.86.201,,6/3/2012
326,Peter,Evans,pevans91@google.nl,Male,36.240.80.252,,11/13/2001
327,Cynthia,Cruz,ccruz92@elegantthemes.com,Female,250.13.102.17,,11/19/2007
328,Judy,Bell,jbell93@archive.org,Female,206.40.79.86,,12/9/2005
329,Chris,George,cgeorge94@devhub.com,Male,137.2.39.231,,6/16/2003
330,Alan,Garza,agarza95@shutterfly.com,Male,221.249.33.181,,7/12/2011
331,Jesse,Lopez,jlopez96@sbwire.com,Male,60.116.71.178,,9/20/2008
332,Mildred,Ray,mray97@freewebs.com,Female,225.21.21.112,,8/21/2010
333,Betty,Cox,bcox98@scientificamerican.com,Female,87.182.126.249,,3/12/2009
334,Andrea,Thomas,athomas99@ezinearticles.com,Female,88.198.90.155,,12/9/2014
335,Marie,Nelson,mnelson9a@blog.com,Female,93.99.148.147,,1/1/2010
336,Gerald,Mills,gmills9b@creativecommons.org,Male,181.20.13.145,,1/3/2011
337,Jacqueline,Rivera,jrivera9c@ocn.ne.jp,Female,239.169.59.51,,4/11/2002
338,Norma,Simmons,nsimmons9d@scribd.com,Female,160.185.88.83,,5/27/2009
339,Nicole,Hayes,nhayes9e@trellian.com,Female,176.178.73.107,,9/4/2015
340,Sandra,Campbell,scampbell9f@vk.com,Female,79.80.60.123,,10/27/2015
341,Randy,Turner,rturner9g@networkadvertising.org,Male,37.1.136.133,,12/13/2015
342,Laura,Mason,lmason9h@bloglovin.com,Female,161.81.41.39,,11/3/2004
343,Ronald,Morrison,rmorrison9i@deviantart.com,Male,236.48.213.99,,9/30/2012
344,Jose,Fernandez,jfernandez9j@google.co.uk,Male,241.116.11.68,,12/14/2000
345,Craig,Gomez,cgomez9k@spiegel.de,Male,211.147.191.255,,7/8/2007
346,Rebecca,Hansen,rhansen9l@google.fr,Female,235.136.160.64,,7/31/2008
347,Sandra,Elliott,selliott9m@alibaba.com,Female,59.50.160.140,,1/31/2014
348,Joe,Moore,jmoore9n@washington.edu,Male,207.168.152.59,,4/26/2002
349,Kathy,Cook,kcook9o@ucla.edu,Female,146.13.104.146,,12/24/2009
350,Carolyn,Black,cblack9p@about.me,Female,199.17.5.216,,1/8/2015
351,Carl,Gordon,cgordon9q@nasa.gov,Male,66.99.30.115,,8/17/2010
352,Roger,Mason,rmason9r@noaa.gov,Male,34.164.147.117,,2/20/2002
353,Judith,Castillo,jcastillo9s@upenn.edu,Female,3.69.169.25,,5/30/2004
354,Kathleen,Shaw,kshaw9t@cnn.com,Female,89.113.103.1,,5/13/2008
355,Teresa,Medina,tmedina9u@wp.com,Female,195.61.121.20,,4/23/2010
356,Martin,Diaz,mdiaz9v@hc360.com,Male,222.245.160.70,,1/12/2002
357,Craig,Rose,crose9w@w3.org,Male,234.173.159.214,,1/23/2001
358,Donna,Mcdonald,dmcdonald9x@cnet.com,Female,199.19.150.19,,8/27/2014
359,Lois,Gutierrez,lgutierrez9y@seattletimes.com,Female,77.90.255.77,,4/1/2007
360,Lori,Day,lday9z@slideshare.net,Female,145.58.172.205,,3/31/2003
361,Shirley,Sims,ssimsa0@mapquest.com,Female,160.110.214.121,,1/30/2009
362,Jerry,Sims,jsimsa1@instagram.com,Male,62.28.5.38,,6/13/2008
363,Melissa,Wright,mwrighta2@ustream.tv,Female,50.195.9.137,,3/12/2003
364,Jane,Ross,jrossa3@spiegel.de,Female,243.21.100.202,,8/6/2015
365,Teresa,Vasquez,tvasqueza4@comcast.net,Female,58.8.36.158,,8/22/2004
366,Jean,Washington,jwashingtona5@ow.ly,Female,10.23.57.62,,11/14/2006
367,Elizabeth,Baker,ebakera6@google.com.br,Female,146.56.248.203,,7/4/2008
368,George,Holmes,gholmesa7@cbc.ca,Male,216.231.86.61,,7/15/2002
369,Jessica,Simmons,jsimmonsa8@elegantthemes.com,Female,169.107.247.62,,7/13/2009
370,Lillian,Duncan,lduncana9@yahoo.com,Female,12.157.123.12,,9/17/2008
371,Eric,Wilson,ewilsonaa@mac.com,Male,179.223.50.62,,1/15/2012
372,Janice,Allen,jallenab@webmd.com,Female,112.174.153.114,,4/2/2014
373,Johnny,Williamson,jwilliamsonac@seattletimes.com,Male,142.102.47.214,,8/1/2011
374,Kelly,Diaz,kdiazad@wunderground.com,Female,32.103.103.124,,4/8/2012
375,Keith,Powell,kpowellae@exblog.jp,Male,200.78.117.62,,12/29/2007
376,Gary,Holmes,gholmesaf@businesswire.com,Male,241.201.149.176,,2/8/2008
377,Juan,Frazier,jfrazierag@taobao.com,Male,87.94.23.163,,2/6/2014
378,Ruby,Lawrence,rlawrenceah@nationalgeographic.com,Female,173.115.68.6,,12/4/2013
379,Lawrence,Frazier,lfrazierai@amazon.de,Male,146.122.58.192,,4/15/2009
380,Dennis,Bradley,dbradleyaj@merriam-webster.com,Male,99.50.116.30,,9/4/2005
381,Debra,Flores,dfloresak@google.ru,Female,79.190.29.172,,10/26/2006
382,Jeffrey,Peters,jpetersal@wikipedia.org,Male,77.138.28.108,,6/2/2009
383,Sandra,Kim,skimam@foxnews.com,Female,83.146.60.37,,11/11/2010
384,Tina,Stanley,tstanleyan@jalbum.net,Female,210.0.186.45,,8/9/2009
385,Richard,Hawkins,rhawkinsao@bloglines.com,Male,170.252.91.86,,8/7/2006
386,Carlos,Rivera,criveraap@ucoz.com,Male,180.34.161.186,,4/9/2010
387,Benjamin,Price,bpriceaq@miibeian.gov.cn,Male,75.239.18.242,,3/19/2007
388,Billy,Peterson,bpetersonar@discuz.net,Male,156.245.65.89,,7/26/2003
389,Jennifer,Jordan,jjordanas@miibeian.gov.cn,Female,106.206.128.236,,4/23/2002
390,Joan,Dean,jdeanat@over-blog.com,Female,196.150.35.8,,2/9/2002
391,Robert,Ferguson,rfergusonau@amazon.co.uk,Male,172.117.52.217,,9/6/2012
392,Justin,Adams,jadamsav@surveymonkey.com,Male,5.114.224.86,,2/18/2013
393,Roy,Wallace,rwallaceaw@washingtonpost.com,Male,109.168.5.252,,8/3/2006
394,Ernest,Anderson,eandersonax@feedburner.com,Male,0.24.201.158,,7/20/2005
395,Lillian,Bradley,lbradleyay@symantec.com,Female,87.246.167.238,,8/7/2008
396,Carol,Fisher,cfisheraz@ycombinator.com,Female,1.72.225.239,,4/19/2009
397,Martin,Cox,mcoxb0@goodreads.com,Male,202.238.207.172,,5/18/2004
398,Kelly,Rose,kroseb1@harvard.edu,Female,67.205.201.58,,1/23/2011
399,Dennis,Snyder,dsnyderb2@deviantart.com,Male,110.185.217.157,,2/1/2001
400,Marie,Daniels,mdanielsb3@bing.com,Female,228.218.93.238,,6/18/2012
401,Katherine,Reynolds,kreynoldsb4@icq.com,Female,66.210.16.139,,8/29/2003
402,James,Hicks,jhicksb5@deviantart.com,Male,27.249.222.242,,10/1/2002
403,Robert,Green,rgreenb6@berkeley.edu,Male,249.96.239.185,,11/23/2006
404,George,Gray,ggrayb7@ehow.com,Male,86.144.120.159,,7/6/2003
405,Timothy,Fernandez,tfernandezb8@printfriendly.com,Male,151.61.252.44,,12/14/2011
406,Brian,Wright,bwrightb9@hatena.ne.jp,Male,184.158.65.200,,12/22/2013
407,Carlos,Henderson,chendersonba@cornell.edu,Male,24.240.125.158,,6/28/2007
408,Debra,Wagner,dwagnerbb@printfriendly.com,Female,135.33.240.242,,8/22/2015
409,Rebecca,Moore,rmoorebc@tinyurl.com,Female,6.234.23.118,,6/7/2011
410,Gregory,Pierce,gpiercebd@trellian.com,Male,150.239.219.232,,7/6/2012
411,George,Lawson,glawsonbe@storify.com,Male,23.7.43.185,,8/8/2001
412,Ashley,Roberts,arobertsbf@arstechnica.com,Female,50.45.53.17,,5/9/2009
413,Doris,Butler,dbutlerbg@cocolog-nifty.com,Female,221.9.46.179,,9/18/2014
414,Jose,Mitchell,jmitchellbh@shutterfly.com,Male,161.43.131.142,,11/25/2005
415,Robin,Berry,rberrybi@washington.edu,Female,24.23.61.69,,7/4/2011
416,Amy,Mitchell,amitchellbj@dropbox.com,Female,112.64.208.86,,6/9/2016
417,Henry,Jackson,hjacksonbk@51.la,Male,251.18.17.134,,1/1/2004
418,Brandon,Romero,bromerobl@marketwatch.com,Male,165.4.8.203,,3/10/2007
419,Gloria,Vasquez,gvasquezbm@elegantthemes.com,Female,79.142.4.144,,8/4/2002
420,Patricia,Bowman,pbowmanbn@blogs.com,Female,101.139.111.20,,10/6/2012
421,Jessica,Simpson,jsimpsonbo@ebay.co.uk,Female,176.167.218.173,,1/27/2002
422,Shirley,Ryan,sryanbp@spiegel.de,Female,158.8.144.103,,7/3/2013
423,Arthur,Gonzales,agonzalesbq@slate.com,Male,233.182.107.180,,3/12/2009
424,Jean,Thomas,jthomasbr@geocities.jp,Female,33.196.56.218,,7/3/2002
425,Albert,Long,alongbs@aol.com,Male,246.252.148.146,,5/31/2015
426,Chris,Cole,ccolebt@pbs.org,Male,110.59.55.110,,4/26/2010
427,Jack,Wagner,jwagnerbu@census.gov,Male,197.152.50.52,,6/3/2008
428,Andrea,Lawson,alawsonbv@wordpress.org,Female,20.104.251.11,,7/7/2012
429,Carol,Rodriguez,crodriguezbw@vk.com,Female,196.209.86.55,,8/24/2005
430,Ruth,Jordan,rjordanbx@bluehost.com,Female,195.130.1.162,,12/2/2008
431,Anthony,Diaz,adiazby@bing.com,Male,74.227.247.13,,6/5/2016
432,Ryan,Wells,rwellsbz@blogtalkradio.com,Male,153.169.46.121,,8/13/2006
433,Jesse,Gutierrez,jgutierrezc0@nasa.gov,Male,230.196.78.1,,1/26/2001
434,Ralph,Kim,rkimc1@ed.gov,Male,35.48.32.113,,7/11/2002
435,Denise,Gardner,dgardnerc2@java.com,Female,234.230.246.73,,1/9/2002
436,Marilyn,Gibson,mgibsonc3@patch.com,Female,144.34.206.74,,2/2/2012
437,Billy,Gonzalez,bgonzalezc4@ted.com,Male,120.126.15.23,,11/13/2001
438,Harry,Crawford,hcrawfordc5@wp.com,Male,186.59.174.149,,2/26/2008
439,Judy,Black,jblackc6@mit.edu,Female,77.212.95.65,,10/8/2013
440,Teresa,Gray,tgrayc7@hao123.com,Female,167.109.164.156,,5/11/2004
441,Frank,Nelson,fnelsonc8@oaic.gov.au,Male,243.22.5.219,,3/25/2010
442,Juan,Mason,jmasonc9@mayoclinic.com,Male,7.75.195.243,,8/1/2011
443,Lori,Williamson,lwilliamsonca@bloglovin.com,Female,25.174.253.64,,2/1/2003
444,Nancy,Howell,nhowellcb@myspace.com,Female,196.227.232.48,,9/8/2010
445,Paul,Crawford,pcrawfordcc@vk.com,Male,129.23.232.11,,10/26/2006
446,Raymond,Dean,rdeancd@paginegialle.it,Male,225.12.238.105,,8/7/2002
447,Nancy,Wood,nwoodce@lycos.com,Female,128.12.221.5,,2/7/2011
448,Eric,Webb,ewebbcf@comsenz.com,Male,76.96.145.155,,7/23/2001
449,Jane,Grant,jgrantcg@marketwatch.com,Female,223.110.55.187,,4/28/2006
450,Emily,Cunningham,ecunninghamch@apache.org,Female,60.141.213.221,,9/8/2011
451,Sara,Ryan,sryanci@state.gov,Female,147.46.208.205,,10/18/2005
452,Jack,Warren,jwarrencj@craigslist.org,Male,187.212.89.118,,5/6/2005
453,Jeremy,Gardner,jgardnerck@ezinearticles.com,Male,187.181.173.51,,11/11/2007
454,Kimberly,Alexander,kalexandercl@chron.com,Female,110.28.79.233,,11/1/2011
455,Victor,Holmes,vholmescm@discuz.net,Male,92.125.56.51,,9/8/2006
456,Jessica,Duncan,jduncancn@scientificamerican.com,Female,38.49.152.118,,3/10/2005
457,Lillian,Wallace,lwallaceco@disqus.com,Female,106.228.3.231,,1/4/2004
458,Janice,West,jwestcp@yellowbook.com,Female,30.210.81.15,,10/29/2008
459,Janice,Fields,jfieldscq@hud.gov,Female,227.155.94.212,,8/2/2002
460,Judith,Chavez,jchavezcr@sohu.com,Female,149.255.134.183,,10/25/2004
461,John,Fox,jfoxcs@prnewswire.com,Male,28.205.49.68,,9/12/2004
462,Nicholas,Schmidt,nschmidtct@ezinearticles.com,Male,237.200.42.24,,11/1/2001
463,Nancy,Bryant,nbryantcu@hibu.com,Female,26.203.22.9,,12/1/2000
464,Jeremy,Kelly,jkellycv@facebook.com,Male,152.75.8.169,,6/2/2011
465,Julia,Russell,jrussellcw@statcounter.com,Female,162.59.216.224,,2/26/2006
466,Irene,Mason,imasoncx@prweb.com,Female,202.31.157.153,,9/6/2008
467,Samuel,Lawrence,slawrencecy@delicious.com,Male,103.75.192.183,,8/9/2015
468,Roger,Gonzales,rgonzalescz@addtoany.com,Male,206.204.56.6,,10/31/2001
469,Ruby,Perez,rperezd0@slashdot.org,Female,248.149.11.14,,5/5/2001
470,Marie,Hudson,mhudsond1@privacy.gov.au,Female,216.192.26.31,,6/3/2005
471,Arthur,Day,adayd2@virginia.edu,Male,56.113.38.87,,8/31/2002
472,Henry,Carter,hcarterd3@ibm.com,Male,208.67.159.88,,9/12/2010
473,Shawn,Hunter,shunterd4@census.gov,Male,129.149.135.163,,12/7/2002
474,Albert,Henry,ahenryd5@soundcloud.com,Male,126.15.237.115,,6/15/2001
475,Johnny,Walker,jwalkerd6@stumbleupon.com,Male,129.247.172.79,,8/15/2006
476,Sharon,Tucker,stuckerd7@quantcast.com,Female,53.75.51.209,,10/6/2006
477,Stephen,Butler,sbutlerd8@cornell.edu,Male,113.20.217.144,,1/5/2011
478,Ronald,Mitchell,rmitchelld9@newyorker.com,Male,13.134.251.122,,6/2/2009
479,Jane,Hernandez,jhernandezda@unc.edu,Female,98.237.160.201,,2/27/2010
480,Diane,Henderson,dhendersondb@51.la,Female,8.5.68.202,,1/4/2016
481,Christine,George,cgeorgedc@cafepress.com,Female,105.234.205.214,,4/20/2006
482,Marie,Reyes,mreyesdd@microsoft.com,Female,136.44.93.121,,7/11/2016
483,Harold,Flores,hfloresde@meetup.com,Male,100.84.53.222,,8/24/2004
484,Roy,Dixon,rdixondf@gov.uk,Male,184.229.165.21,,5/10/2015
485,Ryan,Sims,rsimsdg@prnewswire.com,Male,183.179.195.210,,1/22/2006
486,Douglas,Ramos,dramosdh@ihg.com,Male,182.35.80.29,,6/18/2005
487,Lawrence,Evans,levansdi@bbb.org,Male,51.143.252.69,,7/20/2006
488,Heather,Brooks,hbrooksdj@boston.com,Female,90.116.124.165,,4/14/2010
489,Edward,Kelley,ekelleydk@bluehost.com,Male,47.226.218.199,,4/17/2007
490,Andrea,Reid,areiddl@youtube.com,Female,181.174.100.111,,5/30/2003
491,Kathleen,Robertson,krobertsondm@123-reg.co.uk,Female,218.19.102.166,,10/4/2012
492,Doris,Freeman,dfreemandn@goodreads.com,Female,2.130.231.80,,12/10/2010
493,Thomas,Ellis,tellisdo@imageshack.us,Male,15.46.184.157,,6/25/2002
494,Sandra,Snyder,ssnyderdp@businessweek.com,Female,231.96.10.188,,12/4/2007
495,Henry,Wagner,hwagnerdq@over-blog.com,Male,126.137.226.149,,6/23/2002
496,Michael,Weaver,mweaverdr@fema.gov,Male,169.205.157.179,,7/26/2008
497,Scott,Morrison,smorrisonds@sitemeter.com,Male,67.22.251.15,,4/19/2012
498,Carol,Robinson,crobinsondt@yellowbook.com,Female,3.237.216.255,,3/5/2008
499,Tammy,Richardson,trichardsondu@youtu.be,Female,170.68.180.93,,7/24/2011
500,Victor,Hunt,vhuntdv@uol.com.br,Male,194.201.49.240,,11/11/2005
501,Kathy,Watson,kwatsondw@mapquest.com,Female,28.186.253.226,,11/9/2015
502,Frances,Cook,fcookdx@techcrunch.com,Female,12.84.25.11,,2/10/2016
503,Peter,Martin,pmartindy@google.de,Male,30.82.184.101,,6/19/2009
504,Jacqueline,Kennedy,jkennedydz@tripadvisor.com,Female,94.247.80.45,,5/21/2012
505,Joan,Jordan,jjordane0@elpais.com,Female,44.125.136.248,,11/7/2009
506,Peter,Harrison,pharrisone1@arizona.edu,Male,167.11.220.6,,5/11/2012
507,Robin,Collins,rcollinse2@foxnews.com,Female,108.64.14.4,,9/28/2006
508,Eric,Perez,epereze3@ycombinator.com,Male,223.221.226.87,,3/12/2012
509,Terry,Mitchell,tmitchelle4@indiatimes.com,Male,64.41.205.53,,8/21/2009
510,Jerry,Henderson,jhendersone5@bloglines.com,Male,11.20.228.200,,7/13/2016
511,Eugene,Cook,ecooke6@delicious.com,Male,64.172.184.183,,5/31/2006
512,Irene,Daniels,idanielse7@loc.gov,Female,218.143.203.224,,5/13/2002
513,Bobby,Moreno,bmorenoe8@ucoz.ru,Male,32.160.248.214,,5/30/2010
514,Alice,Scott,ascotte9@mashable.com,Female,77.29.0.112,,7/19/2010
515,Jean,Frazier,jfrazierea@marriott.com,Female,201.197.247.160,,9/27/2009
516,Charles,Mason,cmasoneb@feedburner.com,Male,208.228.14.166,,4/5/2003
517,Johnny,Jordan,jjordanec@miitbeian.gov.cn,Male,101.227.94.232,,8/19/2005
518,Joshua,Perkins,jperkinsed@foxnews.com,Male,21.35.160.8,,6/28/2009
519,Julie,Taylor,jtayloree@amazon.de,Female,61.77.94.46,,5/19/2002
520,David,Meyer,dmeyeref@pcworld.com,Male,230.105.255.182,,3/21/2002
521,Barbara,Crawford,bcrawfordeg@time.com,Female,82.13.96.186,,6/6/2004
522,Chris,Martin,cmartineh@stanford.edu,Male,180.206.143.218,,3/22/2003
523,Donna,Campbell,dcampbellei@ustream.tv,Female,31.118.202.233,,6/3/2006
524,William,Ray,wrayej@squidoo.com,Male,109.56.18.72,,4/30/2009
525,Aaron,Jenkins,ajenkinsek@comsenz.com,Male,89.237.186.199,,10/18/2007
526,Kathy,Watkins,kwatkinsel@examiner.com,Female,218.69.21.229,,4/17/2008
527,Harry,Hicks,hhicksem@linkedin.com,Male,56.25.140.35,,2/6/2007
528,Amanda,Burns,aburnsen@privacy.gov.au,Female,80.67.145.200,,10/11/2011
529,Kimberly,Cunningham,kcunninghameo@bigcartel.com,Female,154.178.211.251,,9/14/2003
530,Helen,Duncan,hduncanep@prnewswire.com,Female,125.114.209.134,,2/18/2006
531,Marilyn,Miller,mmillereq@businessweek.com,Female,59.252.199.41,,4/25/2009
532,Katherine,Miller,kmillerer@smugmug.com,Female,223.150.169.16,,4/28/2003
533,Ann,Henderson,ahendersones@canalblog.com,Female,73.80.77.49,,7/13/2011
534,Ruby,Hayes,rhayeset@wsj.com,Female,169.249.66.124,,6/20/2010
535,Paula,Perkins,pperkinseu@google.ca,Female,127.162.6.142,,1/9/2006
536,Carlos,Rodriguez,crodriguezev@wufoo.com,Male,201.13.12.56,,9/15/2000
537,Thomas,Stephens,tstephensew@indiegogo.com,Male,110.142.175.219,,11/19/2013
538,Wanda,Riley,wrileyex@blinklist.com,Female,216.40.123.120,,1/4/2008
539,Rachel,Reynolds,rreynoldsey@1und1.de,Female,11.248.93.107,,5/1/2016
540,Sandra,Olson,solsonez@auda.org.au,Female,208.66.237.205,,7/8/2008
541,Jacqueline,Knight,jknightf0@wikispaces.com,Female,82.150.98.246,,1/4/2002
542,Craig,Garcia,cgarciaf1@icq.com,Male,32.110.167.41,,7/26/2003
543,Kelly,Green,kgreenf2@economist.com,Female,191.213.85.26,,4/8/2005
544,Melissa,Welch,mwelchf3@unc.edu,Female,192.152.251.44,,11/15/2007
545,Kelly,Johnson,kjohnsonf4@marriott.com,Female,89.202.149.172,,4/7/2006
546,Timothy,Pierce,tpiercef5@washingtonpost.com,Male,219.219.141.211,,3/10/2010
547,Jane,Jacobs,jjacobsf6@twitter.com,Female,73.205.127.60,,4/8/2003
548,Benjamin,Jackson,bjacksonf7@sourceforge.net,Male,238.99.188.72,,6/29/2010
549,Eugene,Graham,egrahamf8@salon.com,Male,186.64.132.223,,5/29/2001
550,Steve,Kennedy,skennedyf9@oakley.com,Male,47.111.141.36,,4/19/2007
551,Richard,Little,rlittlefa@cornell.edu,Male,75.59.202.18,,12/13/2015
552,Roger,Owens,rowensfb@irs.gov,Male,104.207.210.115,,1/26/2003
553,Christopher,Graham,cgrahamfc@msn.com,Male,87.47.166.244,,5/20/2013
554,Aaron,Garrett,agarrettfd@posterous.com,Male,54.140.56.242,,11/29/2011
555,Harold,Hudson,hhudsonfe@state.tx.us,Male,206.42.203.249,,3/1/2011
556,Roy,Gonzales,rgonzalesff@digg.com,Male,104.14.212.45,,4/3/2010
557,Nicole,Fox,nfoxfg@over-blog.com,Female,93.46.235.132,,8/3/2003
558,William,Patterson,wpattersonfh@icq.com,Male,208.237.68.134,,5/7/2003
559,Randy,Warren,rwarrenfi@tamu.edu,Male,173.184.173.135,,11/2/2009
560,Anne,Andrews,aandrewsfj@icq.com,Female,16.25.13.72,,5/16/2004
561,Paula,Rice,pricefk@indiegogo.com,Female,26.50.172.149,,9/18/2009
562,Juan,Hudson,jhudsonfl@who.int,Male,114.196.232.239,,11/11/2013
563,Samuel,Ross,srossfm@wsj.com,Male,45.225.141.35,,1/18/2007
564,Joyce,Duncan,jduncanfn@europa.eu,Female,177.253.164.208,,3/7/2012
565,Ernest,Smith,esmithfo@tinyurl.com,Male,248.153.166.142,,5/19/2015
566,Albert,Russell,arussellfp@senate.gov,Male,240.247.59.16,,2/20/2014
567,Arthur,Ruiz,aruizfq@google.ca,Male,52.5.115.209,,10/2/2000
568,Donna,Rogers,drogersfr@quantcast.com,Female,105.233.33.57,,2/13/2004
569,Beverly,Fisher,bfisherfs@g.co,Female,6.72.140.174,,4/21/2002
570,Diana,Williams,dwilliamsft@simplemachines.org,Female,225.1.219.67,,10/17/2004
571,Kelly,Nguyen,knguyenfu@xrea.com,Female,253.20.137.42,,11/26/2006
572,Russell,Thomas,rthomasfv@purevolume.com,Male,137.135.9.160,,2/3/2008
573,Lori,Bryant,lbryantfw@cnn.com,Female,107.161.181.6,,10/8/2011
574,Donald,Crawford,dcrawfordfx@wordpress.org,Male,19.159.86.173,,12/26/2000
575,Rebecca,Reed,rreedfy@indiatimes.com,Female,185.123.172.36,,8/30/2006
576,Kimberly,Fernandez,kfernandezfz@lulu.com,Female,117.206.232.192,,2/6/2008
577,Lawrence,Lopez,llopezg0@nps.gov,Male,1.158.201.129,,9/10/2015
578,Carolyn,Hamilton,chamiltong1@bizjournals.com,Female,100.153.166.187,,8/21/2005
579,Shawn,Meyer,smeyerg2@wikimedia.org,Male,160.153.191.127,,8/21/2006
580,Ryan,Gonzalez,rgonzalezg3@google.it,Male,33.26.86.238,,7/3/2004
581,Victor,Carter,vcarterg4@scientificamerican.com,Male,9.154.197.149,,2/11/2003
582,Bruce,Price,bpriceg5@theglobeandmail.com,Male,224.195.34.160,,3/7/2001
583,Daniel,West,dwestg6@barnesandnoble.com,Male,218.34.20.201,,6/3/2013
584,Kathy,Snyder,ksnyderg7@mapy.cz,Female,151.63.111.89,,1/16/2016
585,Kevin,Johnston,kjohnstong8@deliciousdays.com,Male,49.102.34.243,,1/12/2007
586,Marie,Martinez,mmartinezg9@quantcast.com,Female,144.69.4.86,,9/21/2010
587,Marie,Scott,mscottga@businesswire.com,Female,254.3.255.121,,6/3/2005
588,Phyllis,Chavez,pchavezgb@google.fr,Female,246.21.247.30,,2/2/2005
589,Nicholas,Wright,nwrightgc@msu.edu,Male,6.9.103.212,,12/25/2014
590,Sara,Chavez,schavezgd@xing.com,Female,95.155.88.178,,4/28/2010
591,Kelly,Wilson,kwilsonge@domainmarket.com,Female,200.210.2.20,,4/17/2013
592,Keith,Bradley,kbradleygf@dagondesign.com,Male,141.205.41.140,,2/17/2001
593,Heather,Clark,hclarkgg@plala.or.jp,Female,92.64.138.55,,11/7/2000
594,Julie,Dunn,jdunngh@fema.gov,Female,233.209.79.75,,8/24/2006
595,Donna,Peters,dpetersgi@springer.com,Female,102.42.127.194,,11/18/2014
596,Dorothy,Lane,dlanegj@ca.gov,Female,93.46.103.157,,9/2/2014
597,Denise,Schmidt,dschmidtgk@netvibes.com,Female,216.2.7.179,,9/29/2003
598,Sean,Spencer,sspencergl@wordpress.com,Male,245.237.85.31,,1/24/2013
599,Deborah,Richards,drichardsgm@printfriendly.com,Female,36.116.213.79,,2/24/2012
600,Aaron,Campbell,acampbellgn@trellian.com,Male,184.154.115.235,,5/16/2002
601,Ronald,Cooper,rcoopergo@fema.gov,Male,208.202.175.165,,10/19/2011
602,Kathy,Garrett,kgarrettgp@so-net.ne.jp,Female,61.241.6.40,,2/7/2002
603,Brian,Murray,bmurraygq@github.io,Male,1.192.230.178,,7/31/2001
604,Lawrence,Evans,levansgr@hc360.com,Male,164.95.131.127,,8/21/2006
605,Doris,Turner,dturnergs@tripadvisor.com,Female,110.152.90.66,,3/18/2005
606,Laura,Reed,lreedgt@networkadvertising.org,Female,82.132.4.12,,11/24/2012
607,Clarence,Duncan,cduncangu@comsenz.com,Male,10.69.226.195,,7/7/2007
608,Henry,Bailey,hbaileygv@fotki.com,Male,177.177.163.130,,2/9/2014
609,Kimberly,Roberts,krobertsgw@utexas.edu,Female,124.60.135.158,,7/28/2005
610,Sarah,Lawrence,slawrencegx@noaa.gov,Female,76.6.115.228,,8/17/2006
611,Diana,Wheeler,dwheelergy@eventbrite.com,Female,123.165.13.208,,6/10/2001
612,Diana,Stewart,dstewartgz@chicagotribune.com,Female,222.156.231.76,,12/19/2002
613,Walter,Gonzales,wgonzalesh0@japanpost.jp,Male,70.61.157.19,,3/21/2016
614,Sarah,Oliver,soliverh1@drupal.org,Female,156.6.89.215,,5/28/2014
615,Henry,Tucker,htuckerh2@whitehouse.gov,Male,4.53.142.136,,4/21/2003
616,Roger,Perez,rperezh3@mediafire.com,Male,107.9.184.39,,7/21/2006
617,Stephanie,Ryan,sryanh4@latimes.com,Female,206.85.46.138,,8/6/2015
618,Jonathan,Harrison,jharrisonh5@nifty.com,Male,179.182.226.231,,11/9/2014
619,Heather,Harvey,hharveyh6@merriam-webster.com,Female,124.99.195.227,,4/1/2016
620,Paula,Castillo,pcastilloh7@unc.edu,Female,136.43.116.42,,11/27/2005
621,Clarence,Medina,cmedinah8@webeden.co.uk,Male,196.115.43.37,,1/12/2010
622,Joshua,Wilson,jwilsonh9@zdnet.com,Male,213.53.151.232,,9/17/2001
623,Brenda,Ramirez,bramirezha@ehow.com,Female,116.7.105.75,,9/7/2005
624,Harold,Washington,hwashingtonhb@github.io,Male,223.163.31.133,,11/4/2012
625,Anne,Spencer,aspencerhc@is.gd,Female,212.238.166.242,,4/26/2007
626,Kathleen,Kelly,kkellyhd@domainmarket.com,Female,22.170.169.0,,12/29/2010
627,Maria,Cook,mcookhe@flavors.me,Female,173.175.95.131,,12/13/2014
628,Steve,Morrison,smorrisonhf@huffingtonpost.com,Male,73.19.130.251,,12/6/2004
629,Norma,Evans,nevanshg@fc2.com,Female,217.145.6.143,,8/8/2014
630,Margaret,Marshall,mmarshallhh@tuttocitta.it,Female,141.141.113.188,,7/26/2009
631,Craig,Ford,cfordhi@about.me,Male,191.2.13.102,,9/24/2009
632,Jerry,Long,jlonghj@oakley.com,Male,224.147.155.81,,4/9/2012
633,Henry,Wagner,hwagnerhk@reference.com,Male,244.201.63.87,,1/23/2009
634,Kenneth,Carr,kcarrhl@nps.gov,Male,210.178.49.19,,3/5/2007
635,Phyllis,Green,pgreenhm@craigslist.org,Female,225.215.2.225,,12/15/2011
636,Robert,Bradley,rbradleyhn@mail.ru,Male,227.164.243.194,,10/1/2008
637,Donald,Tucker,dtuckerho@slashdot.org,Male,138.157.210.255,,2/17/2002
638,Joshua,George,jgeorgehp@xrea.com,Male,68.242.173.226,,5/4/2010
639,Mary,Brown,mbrownhq@flickr.com,Female,144.248.85.118,,5/19/2001
640,Joe,Johnson,jjohnsonhr@ebay.com,Male,172.223.63.194,,8/20/2014
641,Bobby,Foster,bfosterhs@cnet.com,Male,49.173.67.71,,2/11/2001
642,Walter,Fields,wfieldsht@npr.org,Male,90.124.182.231,,6/23/2014
643,Nicole,Meyer,nmeyerhu@seesaa.net,Female,2.168.253.109,,10/8/2013
644,Amy,Freeman,afreemanhv@webmd.com,Female,169.105.141.114,,7/20/2009
645,Rose,Lawson,rlawsonhw@oracle.com,Female,3.230.6.196,,2/1/2010
646,Jacqueline,Matthews,jmatthewshx@soundcloud.com,Female,227.143.74.169,,3/15/2011
647,Raymond,Thomas,rthomashy@elegantthemes.com,Male,225.17.151.48,,7/24/2007
648,Shawn,Stone,sstonehz@comsenz.com,Male,160.161.127.26,,10/5/2006
649,Fred,Hall,fhalli0@wordpress.org,Male,79.159.157.200,,1/22/2006
650,Sandra,Alvarez,salvarezi1@harvard.edu,Female,22.39.116.45,,12/17/2004
651,Tina,Weaver,tweaveri2@dailymotion.com,Female,75.202.126.46,,8/15/2013
652,Lori,Scott,lscotti3@jalbum.net,Female,173.222.232.111,,7/23/2004
653,Betty,Anderson,bandersoni4@wufoo.com,Female,69.191.141.161,,12/25/2001
654,Irene,Taylor,itaylori5@cbslocal.com,Female,243.16.189.232,,2/23/2016
655,Bonnie,Gordon,bgordoni6@forbes.com,Female,231.216.233.43,,12/28/2004
656,Marie,Dunn,mdunni7@pcworld.com,Female,5.81.52.213,,9/29/2011
657,Phillip,Pierce,ppiercei8@baidu.com,Male,57.214.239.117,,4/20/2015
658,Frances,Fowler,ffowleri9@bbc.co.uk,Female,197.25.220.150,,8/28/2011
659,Lisa,Garza,lgarzaia@patch.com,Female,242.109.209.251,,10/28/2008
660,Joan,Kelly,jkellyib@imdb.com,Female,145.62.209.253,,12/11/2004
661,Denise,Garcia,dgarciaic@dailymotion.com,Female,135.232.25.55,,12/21/2001
662,Jane,Medina,jmedinaid@tripod.com,Female,191.0.154.103,,7/9/2010
663,Amanda,Williamson,awilliamsonie@home.pl,Female,166.235.186.188,,6/8/2004
664,Bruce,Ford,bfordif@google.es,Male,35.120.47.164,,3/20/2007
665,Martha,Ray,mrayig@state.gov,Female,71.144.146.67,,12/12/2010
666,Robin,Garcia,rgarciaih@twitpic.com,Female,198.204.5.118,,10/20/2011
667,Lois,Morgan,lmorganii@drupal.org,Female,94.221.214.56,,6/16/2008
668,Kimberly,Davis,kdavisij@moonfruit.com,Female,129.90.255.73,,3/13/2011
669,Elizabeth,Fields,efieldsik@kickstarter.com,Female,47.167.195.90,,1/28/2010
670,Cheryl,Nguyen,cnguyenil@dot.gov,Female,235.201.208.90,,10/6/2000
671,Ashley,Jacobs,ajacobsim@yellowpages.com,Female,216.56.162.195,,3/5/2009
672,Keith,Robinson,krobinsonin@parallels.com,Male,132.160.211.116,,7/1/2015
673,Chris,Bennett,cbennettio@businessweek.com,Male,80.156.199.193,,1/2/2013
674,Marilyn,Schmidt,mschmidtip@dell.com,Female,172.64.241.56,,8/3/2014
675,Wanda,Roberts,wrobertsiq@xrea.com,Female,26.84.190.247,,12/31/2011
676,Deborah,Stone,dstoneir@rediff.com,Female,104.111.146.143,,11/14/2008
677,Wayne,Peters,wpetersis@ustream.tv,Male,132.84.239.246,,1/21/2011
678,Rebecca,Scott,rscottit@about.com,Female,50.40.92.145,,3/25/2005
679,Aaron,Ellis,aellisiu@sogou.com,Male,85.192.63.48,,11/17/2011
680,Chris,Ross,crossiv@ehow.com,Male,139.54.137.93,,7/21/2003
681,Rebecca,Roberts,rrobertsiw@about.me,Female,218.113.133.217,,7/29/2007
682,Rose,Ortiz,rortizix@angelfire.com,Female,39.109.61.217,,5/17/2014
683,Matthew,Perez,mpereziy@delicious.com,Male,101.18.138.146,,2/17/2003
684,Stephen,Elliott,selliottiz@drupal.org,Male,65.120.194.254,,7/18/2005
685,Kathleen,Spencer,kspencerj0@bravesites.com,Female,17.62.133.195,,10/24/2008
686,Kathryn,Sanders,ksandersj1@mysql.com,Female,10.213.173.119,,9/26/2003
687,Robin,Adams,radamsj2@foxnews.com,Female,73.94.166.190,,9/8/2013
688,Norma,Arnold,narnoldj3@gov.uk,Female,133.177.80.136,,8/3/2013
689,Sharon,Harris,sharrisj4@ebay.co.uk,Female,224.128.233.67,,11/29/2015
690,Nicholas,Montgomery,nmontgomeryj5@shinystat.com,Male,202.63.48.250,,1/26/2012
691,Frank,Andrews,fandrewsj6@stanford.edu,Male,21.29.151.89,,5/26/2013
692,Clarence,Patterson,cpattersonj7@abc.net.au,Male,110.45.89.90,,12/19/2004
693,Sandra,Cox,scoxj8@amazon.com,Female,16.139.86.107,,2/12/2014
694,Andrea,Simmons,asimmonsj9@stanford.edu,Female,87.85.220.192,,3/5/2005
695,Sharon,Rivera,sriveraja@meetup.com,Female,131.173.99.160,,10/13/2015
696,Tammy,Johnston,tjohnstonjb@php.net,Female,181.248.219.139,,3/30/2009
697,Juan,Stevens,jstevensjc@dailymotion.com,Male,186.231.245.237,,3/18/2009
698,Todd,Pierce,tpiercejd@earthlink.net,Male,14.18.13.27,,5/3/2015
699,Stephen,Jenkins,sjenkinsje@yahoo.co.jp,Male,69.123.115.136,,10/4/2002
700,Timothy,Taylor,ttaylorjf@mozilla.org,Male,191.16.41.254,,8/28/2009
701,Frances,Evans,fevansjg@patch.com,Female,50.36.206.124,,12/8/2015
702,Gloria,Owens,gowensjh@scribd.com,Female,47.30.71.68,,4/16/2016
703,Teresa,Castillo,tcastilloji@amazon.co.jp,Female,63.82.197.255,,8/25/2003
704,Craig,Willis,cwillisjj@uol.com.br,Male,92.191.154.110,,8/28/2013
705,Evelyn,Arnold,earnoldjk@psu.edu,Female,127.58.121.46,,7/18/2008
706,Ruby,Turner,rturnerjl@mapquest.com,Female,90.212.223.54,,1/2/2010
707,Jacqueline,Riley,jrileyjm@istockphoto.com,Female,101.14.251.96,,12/25/2004
708,Jose,Ward,jwardjn@time.com,Male,17.196.106.251,,1/10/2009
709,Thomas,Cunningham,tcunninghamjo@archive.org,Male,29.102.44.142,,1/6/2013
710,Diane,Fowler,dfowlerjp@addthis.com,Female,29.93.20.160,,9/27/2001
711,Frank,Cunningham,fcunninghamjq@yahoo.com,Male,156.179.161.65,,12/13/2001
712,Marilyn,West,mwestjr@ameblo.jp,Female,94.65.124.160,,9/21/2003
713,Judith,Dixon,jdixonjs@nifty.com,Female,55.55.253.88,,2/3/2005
714,Fred,Olson,folsonjt@w3.org,Male,31.174.241.237,,1/23/2008
715,Shirley,Mitchell,smitchellju@independent.co.uk,Female,86.145.174.4,,12/18/2011
716,Beverly,Berry,bberryjv@live.com,Female,91.61.130.37,,8/31/2006
717,Jane,Spencer,jspencerjw@unesco.org,Female,178.220.33.186,,6/4/2013
718,Diane,Barnes,dbarnesjx@cnn.com,Female,162.37.202.35,,5/3/2015
719,Bobby,Gray,bgrayjy@list-manage.com,Male,231.204.209.3,,1/27/2010
720,Christina,Tucker,ctuckerjz@1und1.de,Female,228.15.133.44,,6/3/2012
721,Lori,Kelley,lkelleyk0@wordpress.com,Female,136.97.92.216,,12/13/2013
722,Anne,Schmidt,aschmidtk1@edublogs.org,Female,146.58.143.145,,12/29/2005
723,Anna,Hunt,ahuntk2@opera.com,Female,215.183.172.158,,7/4/2014
724,Heather,Cox,hcoxk3@paypal.com,Female,33.241.109.209,,12/31/2012
725,Peter,Hall,phallk4@slashdot.org,Male,45.53.37.1,,12/20/2015
726,Nancy,Fox,nfoxk5@sfgate.com,Female,15.75.166.12,,9/17/2002
727,Howard,Hicks,hhicksk6@symantec.com,Male,242.8.126.201,,9/1/2011
728,Ruth,Dean,rdeank7@mac.com,Female,230.228.90.72,,12/12/2003
729,Amanda,Oliver,aoliverk8@is.gd,Female,89.216.129.214,,9/12/2014
730,Charles,Snyder,csnyderk9@cam.ac.uk,Male,95.128.185.29,,2/26/2016
731,Lillian,Castillo,lcastilloka@google.com.au,Female,207.95.155.81,,1/27/2005
732,Jerry,Lewis,jlewiskb@unesco.org,Male,8.215.47.73,,6/2/2002
733,Joe,Banks,jbankskc@1und1.de,Male,114.142.78.215,,2/19/2014
734,Elizabeth,Anderson,eandersonkd@howstuffworks.com,Female,32.193.187.215,,6/5/2016
735,Carol,Foster,cfosterke@facebook.com,Female,191.134.130.161,,2/19/2013
736,Judy,Kelly,jkellykf@guardian.co.uk,Female,55.178.54.68,,4/29/2011
737,Jesse,Robinson,jrobinsonkg@cdbaby.com,Male,126.206.219.142,,2/19/2001
738,Debra,Scott,dscottkh@delicious.com,Female,34.188.138.136,,11/11/2012
739,Jessica,Miller,jmillerki@canalblog.com,Female,227.96.76.148,,5/4/2003
740,Anthony,Kennedy,akennedykj@exblog.jp,Male,205.239.219.224,,3/21/2012
741,Margaret,Burton,mburtonkk@freewebs.com,Female,236.158.225.198,,3/19/2011
742,Christina,Taylor,ctaylorkl@latimes.com,Female,177.11.6.207,,4/12/2011
743,Evelyn,Johnson,ejohnsonkm@tamu.edu,Female,79.47.172.69,,4/22/2013
744,Anne,Myers,amyerskn@pcworld.com,Female,241.3.237.78,,2/10/2008
745,Fred,Garza,fgarzako@arizona.edu,Male,167.201.249.84,,10/12/2001
746,Pamela,Richards,prichardskp@hc360.com,Female,119.35.8.153,,1/27/2011
747,Mark,Mitchell,mmitchellkq@ucoz.com,Male,83.169.133.251,,8/17/2006
748,Rebecca,Bishop,rbishopkr@icio.us,Female,50.4.163.59,,8/2/2004
749,Joe,Owens,jowensks@scribd.com,Male,34.179.175.70,,9/4/2012
750,Phyllis,Fowler,pfowlerkt@newsvine.com,Female,236.73.8.248,,9/13/2009
751,Ryan,Foster,rfosterku@rambler.ru,Male,187.211.130.121,,4/13/2007
752,Johnny,Morgan,jmorgankv@alexa.com,Male,233.177.129.12,,1/4/2010
753,Matthew,Garza,mgarzakw@tuttocitta.it,Male,32.151.140.77,,3/4/2015
754,Virginia,Henderson,vhendersonkx@cmu.edu,Female,10.215.77.221,,9/11/2009
755,Jack,Cox,jcoxky@howstuffworks.com,Male,62.153.255.116,,6/23/2012
756,Shirley,Larson,slarsonkz@sourceforge.net,Female,229.225.152.128,,10/15/2002
757,Ryan,Ruiz,rruizl0@gnu.org,Male,182.75.244.41,,12/8/2006
758,Samuel,Ford,sfordl1@biblegateway.com,Male,0.179.175.139,,12/13/2009
759,George,Gordon,ggordonl2@fotki.com,Male,22.98.193.151,,3/16/2002
760,Earl,Russell,erusselll3@de.vu,Male,107.32.176.163,,1/25/2001
761,Billy,Howell,bhowelll4@macromedia.com,Male,90.3.148.53,,12/11/2015
762,Angela,Evans,aevansl5@google.com,Female,240.199.154.28,,10/8/2002
763,John,Porter,jporterl6@weather.com,Male,241.105.174.43,,10/29/2003
764,Christine,Price,cpricel7@spotify.com,Female,169.126.253.58,,1/19/2008
765,Daniel,Patterson,dpattersonl8@census.gov,Male,50.153.136.185,,1/3/2012
766,Edward,Willis,ewillisl9@wisc.edu,Male,26.213.212.235,,5/31/2012
767,Alan,Snyder,asnyderla@1und1.de,Male,52.39.225.93,,3/29/2003
768,Marilyn,Edwards,medwardslb@webeden.co.uk,Female,236.13.62.9,,4/16/2004
769,Anna,Robinson,arobinsonlc@g.co,Female,242.44.168.147,,4/5/2013
770,Nancy,Watson,nwatsonld@illinois.edu,Female,145.25.114.27,,7/8/2013
771,Heather,Adams,hadamsle@cmu.edu,Female,79.94.183.56,,3/10/2012
772,Jessica,Ortiz,jortizlf@merriam-webster.com,Female,16.54.243.63,,12/24/2008
773,Philip,Reynolds,preynoldslg@shutterfly.com,Male,254.39.5.70,,6/3/2010
774,Denise,Mccoy,dmccoylh@github.com,Female,119.44.98.211,,3/16/2008
775,Arthur,Bailey,abaileyli@mayoclinic.com,Male,218.94.13.120,,11/29/2002
776,Margaret,Dunn,mdunnlj@timesonline.co.uk,Female,10.66.0.245,,5/2/2015
777,Ruth,Fernandez,rfernandezlk@indiatimes.com,Female,90.149.163.31,,4/27/2004
778,Alan,Watson,awatsonll@earthlink.net,Male,68.63.140.123,,10/22/2008
779,Julie,Jacobs,jjacobslm@japanpost.jp,Female,121.47.209.118,,10/6/2009
780,Gary,Romero,gromeroln@csmonitor.com,Male,244.75.109.63,,1/27/2010
781,Anthony,Howard,ahowardlo@php.net,Male,73.125.196.130,,8/22/2006
782,Anne,Berry,aberrylp@washington.edu,Female,162.207.61.133,,5/18/2014
783,Sara,Henderson,shendersonlq@princeton.edu,Female,248.247.72.87,,4/27/2013
784,Larry,Davis,ldavislr@phoca.cz,Male,49.97.137.98,,11/20/2004
785,Peter,Morris,pmorrisls@netvibes.com,Male,70.82.42.8,,5/6/2012
786,Nicholas,Larson,nlarsonlt@geocities.jp,Male,92.137.125.140,,6/13/2004
787,Beverly,Duncan,bduncanlu@zimbio.com,Female,73.159.55.35,,5/8/2007
788,Janice,Richards,jrichardslv@miibeian.gov.cn,Female,209.225.234.46,,11/9/2002
789,Elizabeth,Moreno,emorenolw@mapquest.com,Female,180.119.3.225,,7/16/2016
790,Irene,Cox,icoxlx@hc360.com,Female,212.73.169.175,,5/16/2002
791,Evelyn,Kelly,ekellyly@netlog.com,Female,246.41.16.107,,11/18/2007
792,Philip,Banks,pbankslz@theglobeandmail.com,Male,68.171.67.189,,5/7/2005
793,George,Knight,gknightm0@scribd.com,Male,39.150.113.127,,5/16/2009
794,Lois,Kelly,lkellym1@whitehouse.gov,Female,101.252.11.25,,12/16/2009
795,Jesse,Wheeler,jwheelerm2@census.gov,Male,233.237.204.120,,9/18/2011
796,Ruby,Watkins,rwatkinsm3@google.de,Female,237.64.113.86,,11/2/2001
797,Joe,Barnes,jbarnesm4@nhs.uk,Male,44.181.200.230,,4/19/2016
798,Kelly,Lane,klanem5@tripadvisor.com,Female,90.201.62.184,,3/21/2007
799,Diana,Hawkins,dhawkinsm6@bloglovin.com,Female,224.169.146.98,,8/20/2014
800,Annie,Andrews,aandrewsm7@pagesperso-orange.fr,Female,25.89.74.9,,11/30/2011
801,Phillip,Kelley,pkelleym8@disqus.com,Male,117.16.253.11,,10/17/2001
802,Jean,Kelly,jkellym9@harvard.edu,Female,98.71.251.32,,7/12/2012
803,Juan,Garza,jgarzama@mtv.com,Male,116.203.140.123,,6/26/2006
804,Billy,Hayes,bhayesmb@jigsy.com,Male,180.161.180.210,,2/23/2009
805,Eugene,Henry,ehenrymc@digg.com,Male,120.93.173.81,,4/7/2003
806,Linda,Hernandez,lhernandezmd@discuz.net,Female,235.125.154.228,,11/3/2012
807,Richard,Gilbert,rgilbertme@yandex.ru,Male,159.152.117.186,,11/15/2009
808,Jessica,Snyder,jsnydermf@springer.com,Female,74.125.204.219,,4/23/2016
809,Steve,Harrison,sharrisonmg@ameblo.jp,Male,212.240.233.188,,12/30/2008
810,Brian,Rice,bricemh@rediff.com,Male,213.215.68.213,,1/13/2004
811,Jeremy,Brooks,jbrooksmi@disqus.com,Male,23.236.68.93,,5/5/2010
812,Barbara,West,bwestmj@alexa.com,Female,120.25.187.152,,12/4/2000
813,Barbara,Sims,bsimsmk@dmoz.org,Female,106.184.90.158,,12/5/2012
814,Lois,Rivera,lriveraml@delicious.com,Female,214.212.235.61,,7/18/2011
815,Steve,Carter,scartermm@cdc.gov,Male,224.212.19.46,,5/8/2002
816,Larry,Martinez,lmartinezmn@homestead.com,Male,9.186.37.190,,7/17/2013
817,Johnny,Banks,jbanksmo@cisco.com,Male,185.17.165.209,,1/19/2001
818,Donna,Rice,dricemp@nature.com,Female,211.190.40.72,,7/12/2014
819,Debra,Bowman,dbowmanmq@disqus.com,Female,37.160.248.197,,3/19/2007
820,Clarence,Lynch,clynchmr@slashdot.org,Male,185.65.3.118,,11/11/2012
821,Amanda,Rodriguez,arodriguezms@ft.com,Female,0.210.43.160,,10/14/2015
822,Kimberly,Sims,ksimsmt@cisco.com,Female,15.247.53.182,,5/26/2005
823,Patricia,Reynolds,preynoldsmu@bbc.co.uk,Female,225.118.223.227,,3/24/2012
824,Alan,Smith,asmithmv@nyu.edu,Male,176.191.16.198,,8/26/2012
825,Joyce,Sims,jsimsmw@dyndns.org,Female,107.27.156.18,,3/15/2007
826,Gregory,Perkins,gperkinsmx@census.gov,Male,51.234.62.125,,8/15/2004
827,Elizabeth,Frazier,efraziermy@elpais.com,Female,238.114.221.221,,8/4/2011
828,Christina,Hanson,chansonmz@netvibes.com,Female,168.80.171.229,,1/3/2011
829,Angela,Hunt,ahuntn0@wordpress.com,Female,7.199.192.192,,4/8/2007
830,Sean,Garza,sgarzan1@buzzfeed.com,Male,38.158.218.183,,10/25/2006
831,Tina,Sanders,tsandersn2@hugedomains.com,Female,100.25.185.215,,4/17/2001
832,Debra,Jackson,djacksonn3@mysql.com,Female,132.105.44.123,,10/18/2006
833,Betty,Sanders,bsandersn4@over-blog.com,Female,229.92.12.195,,7/15/2015
834,Louise,Ward,lwardn5@aol.com,Female,16.253.172.196,,2/25/2002
835,Bruce,Lane,blanen6@comcast.net,Male,210.93.52.5,,7/21/2006
836,Elizabeth,Garcia,egarcian7@bloglines.com,Female,125.112.85.68,,4/20/2011
837,Kathryn,Mendoza,kmendozan8@eepurl.com,Female,81.36.252.152,,1/16/2001
838,Patricia,Duncan,pduncann9@gov.uk,Female,182.102.178.73,,9/27/2007
839,Henry,Myers,hmyersna@upenn.edu,Male,173.138.73.148,,4/17/2007
840,Ruby,Jenkins,rjenkinsnb@cdc.gov,Female,107.134.216.249,,9/22/2012
841,Marie,Hamilton,mhamiltonnc@engadget.com,Female,206.108.192.133,,10/5/2015
842,Tina,Ferguson,tfergusonnd@ibm.com,Female,217.209.63.20,,9/28/2015
843,Paula,Burton,pburtonne@networksolutions.com,Female,253.196.209.78,,10/19/2009
844,Rose,Ellis,rellisnf@usatoday.com,Female,226.150.23.37,,6/2/2002
845,Brenda,Robertson,brobertsonng@whitehouse.gov,Female,173.113.161.103,,3/18/2001
846,Sharon,Ward,swardnh@theatlantic.com,Female,157.71.116.142,,10/8/2010
847,Andrea,Fisher,afisherni@cyberchimps.com,Female,227.234.64.81,,8/27/2007
848,Adam,Fowler,afowlernj@pbs.org,Male,147.145.137.167,,12/31/2011
849,Norma,Stevens,nstevensnk@census.gov,Female,91.138.84.114,,2/7/2003
850,Theresa,Carpenter,tcarpenternl@princeton.edu,Female,188.206.46.4,,3/2/2005
851,Rebecca,Kelly,rkellynm@dailymotion.com,Female,179.232.70.29,,2/6/2002
852,Margaret,Murphy,mmurphynn@loc.gov,Female,213.130.189.143,,9/15/2013
853,Lillian,Walker,lwalkerno@wikispaces.com,Female,33.118.89.38,,1/19/2006
854,Jennifer,Hanson,jhansonnp@mapquest.com,Female,211.112.107.144,,10/10/2014
855,Fred,Hamilton,fhamiltonnq@indiegogo.com,Male,18.83.252.132,,11/7/2014
856,John,Riley,jrileynr@acquirethisname.com,Male,139.122.119.131,,12/22/2014
857,Jerry,Gonzales,jgonzalesns@dailymotion.com,Male,116.254.40.226,,4/19/2010
858,Julie,Lawson,jlawsonnt@i2i.jp,Female,45.216.32.86,,8/1/2016
859,Theresa,Ellis,tellisnu@economist.com,Female,165.112.1.126,,1/8/2012
860,Angela,Long,alongnv@cocolog-nifty.com,Female,188.151.137.97,,7/22/2010
861,Maria,Hart,mhartnw@ustream.tv,Female,2.111.32.89,,4/7/2016
862,Emily,Hawkins,ehawkinsnx@scientificamerican.com,Female,225.94.145.134,,1/14/2014
863,Ashley,Hernandez,ahernandezny@google.com.br,Female,87.233.55.201,,5/12/2003
864,Lawrence,Woods,lwoodsnz@toplist.cz,Male,194.245.197.238,,11/30/2004
865,William,Lewis,wlewiso0@msu.edu,Male,192.157.221.18,,8/18/2002
866,Elizabeth,Cole,ecoleo1@goodreads.com,Female,108.191.97.26,,7/28/2014
867,Lori,Butler,lbutlero2@privacy.gov.au,Female,247.108.218.132,,9/29/2010
868,Fred,Rivera,friverao3@nbcnews.com,Male,13.253.70.125,,5/5/2015
869,Bruce,Gilbert,bgilberto4@twitter.com,Male,135.254.165.114,,4/12/2001
870,Edward,Hayes,ehayeso5@dyndns.org,Male,216.62.145.42,,12/30/2015
871,Alice,Graham,agrahamo6@cargocollective.com,Female,16.209.177.232,,2/13/2006
872,Adam,Moreno,amorenoo7@vk.com,Male,233.54.4.200,,6/29/2011
873,Diane,Burke,dburkeo8@is.gd,Female,50.94.134.80,,5/15/2014
874,Teresa,Montgomery,tmontgomeryo9@jimdo.com,Female,225.55.236.124,,12/2/2008
875,Scott,Knight,sknightoa@elegantthemes.com,Male,106.129.92.158,,8/5/2004
876,Lawrence,Ryan,lryanob@xinhuanet.com,Male,205.84.206.131,,5/2/2012
877,Doris,Banks,dbanksoc@wp.com,Female,180.193.38.229,,6/26/2007
878,Joshua,Fox,jfoxod@whitehouse.gov,Male,248.208.68.177,,6/28/2006
879,Carlos,Sullivan,csullivanoe@weather.com,Male,72.148.126.98,,10/24/2008
880,Kimberly,Simmons,ksimmonsof@alibaba.com,Female,130.201.42.130,,9/11/2004
881,Jesse,Wilson,jwilsonog@wp.com,Male,68.221.186.83,,8/20/2006
882,Gary,Alexander,galexanderoh@friendfeed.com,Male,74.214.133.127,,12/11/2001
883,Robert,Hernandez,rhernandezoi@acquirethisname.com,Male,31.175.137.41,,1/15/2004
884,Susan,Miller,smilleroj@mtv.com,Female,145.184.75.72,,3/7/2003
885,Brandon,Hayes,bhayesok@shutterfly.com,Male,105.245.64.124,,2/25/2007
886,Steven,Ross,srossol@redcross.org,Male,148.211.222.32,,12/4/2005
887,Lois,Anderson,landersonom@dedecms.com,Female,255.45.62.95,,4/12/2011
888,Theresa,Hansen,thansenon@mayoclinic.com,Female,239.212.100.74,,8/17/2000
889,Fred,Diaz,fdiazoo@ycombinator.com,Male,5.96.167.173,,2/11/2014
890,Rose,Gilbert,rgilbertop@histats.com,Female,151.1.237.119,,8/11/2013
891,Paul,Snyder,psnyderoq@tuttocitta.it,Male,199.130.189.47,,7/17/2014
892,Ruth,Boyd,rboydor@arstechnica.com,Female,234.113.25.31,,12/1/2007
893,Brian,Carter,bcarteros@slashdot.org,Male,200.102.154.121,,8/6/2008
894,Martha,Daniels,mdanielsot@cisco.com,Female,88.158.53.131,,2/8/2005
895,Carlos,Berry,cberryou@constantcontact.com,Male,250.126.146.86,,8/21/2007
896,Edward,Thomas,ethomasov@hibu.com,Male,189.171.171.81,,4/6/2004
897,Phyllis,Marshall,pmarshallow@sina.com.cn,Female,234.136.171.102,,7/18/2007
898,Jonathan,Morales,jmoralesox@nbcnews.com,Male,214.213.187.71,,6/7/2004
899,Albert,Martinez,amartinezoy@slate.com,Male,28.36.151.3,,4/21/2009
900,Aaron,Welch,awelchoz@vimeo.com,Male,241.200.230.244,,9/2/2013
901,Shawn,Gardner,sgardnerp0@abc.net.au,Male,63.249.97.99,,12/8/2008
902,Alan,Berry,aberryp1@hatena.ne.jp,Male,233.51.54.59,,1/1/2011
903,Kimberly,Hicks,khicksp2@csmonitor.com,Female,211.4.17.87,,2/19/2012
904,Russell,Wood,rwoodp3@furl.net,Male,180.205.91.124,,8/28/2000
905,Janice,Hart,jhartp4@rambler.ru,Female,164.144.172.142,,9/12/2007
906,Roger,Lynch,rlynchp5@about.me,Male,207.7.47.189,,5/18/2005
907,Terry,Warren,twarrenp6@tumblr.com,Male,190.97.123.110,,6/14/2016
908,Shirley,Banks,sbanksp7@skype.com,Female,18.26.4.79,,6/1/2010
909,Mark,King,mkingp8@bluehost.com,Male,99.156.140.131,,2/7/2008
910,Mildred,Day,mdayp9@sbwire.com,Female,52.68.233.12,,5/18/2002
911,Ryan,Medina,rmedinapa@dailymotion.com,Male,67.76.92.63,,9/10/2006
912,Nicholas,Schmidt,nschmidtpb@homestead.com,Male,182.36.99.92,,8/24/2003
913,Kevin,Turner,kturnerpc@icio.us,Male,164.29.222.81,,11/10/2007
914,Tina,Clark,tclarkpd@businessinsider.com,Female,225.71.125.60,,5/30/2015
915,David,Morgan,dmorganpe@canalblog.com,Male,174.124.111.185,,11/19/2010
916,Annie,Gomez,agomezpf@java.com,Female,133.112.63.30,,6/9/2004
917,Phillip,Nguyen,pnguyenpg@netvibes.com,Male,105.214.222.41,,9/10/2002
918,Lisa,Chavez,lchavezph@facebook.com,Female,112.113.116.26,,5/12/2008
919,Sharon,Brown,sbrownpi@jalbum.net,Female,135.51.144.142,,1/11/2004
920,Walter,Snyder,wsnyderpj@microsoft.com,Male,201.22.198.41,,7/7/2004
921,Lisa,Thompson,lthompsonpk@theguardian.com,Female,59.5.204.160,,8/25/2009
922,Carolyn,Peterson,cpetersonpl@ft.com,Female,104.154.198.28,,7/8/2004
923,Rebecca,Peterson,rpetersonpm@t-online.de,Female,202.118.87.201,,9/12/2010
924,Matthew,Chavez,mchavezpn@slate.com,Male,141.215.129.219,,2/22/2007
925,Paul,Myers,pmyerspo@webeden.co.uk,Male,248.151.183.26,,4/8/2009
926,Lisa,Patterson,lpattersonpp@goo.gl,Female,49.92.117.217,,3/9/2003
927,Janet,Clark,jclarkpq@friendfeed.com,Female,183.33.21.218,,8/28/2004
928,Harold,Olson,holsonpr@ycombinator.com,Male,144.128.37.214,,7/9/2016
929,Antonio,Jenkins,ajenkinsps@wiley.com,Male,168.0.130.221,,2/6/2015
930,Gerald,Murphy,gmurphypt@ow.ly,Male,9.29.45.88,,9/3/2014
931,Craig,Willis,cwillispu@unc.edu,Male,167.142.17.201,,10/9/2001
932,Jason,Robertson,jrobertsonpv@fotki.com,Male,119.217.154.99,,3/30/2015
933,Bobby,Gonzalez,bgonzalezpw@seesaa.net,Male,10.31.224.79,,4/14/2003
934,Linda,Black,lblackpx@mapquest.com,Female,123.110.60.100,,6/23/2013
935,Rebecca,Lewis,rlewispy@simplemachines.org,Female,129.216.42.240,,10/6/2000
936,Roy,Jacobs,rjacobspz@upenn.edu,Male,170.153.160.69,,12/15/2009
937,Christopher,Meyer,cmeyerq0@chron.com,Male,93.85.197.212,,1/26/2010
938,Terry,Cunningham,tcunninghamq1@live.com,Male,35.221.78.36,,4/17/2016
939,Laura,Gomez,lgomezq2@cargocollective.com,Female,217.22.135.239,,1/13/2001
940,Carlos,Fields,cfieldsq3@theguardian.com,Male,112.25.130.15,,4/22/2005
941,Norma,Sims,nsimsq4@blogger.com,Female,29.82.102.199,,11/8/2002
942,Paul,Gomez,pgomezq5@sitemeter.com,Male,165.205.205.55,,6/5/2013
943,Kathy,Howard,khowardq6@e-recht24.de,Female,87.64.189.142,,2/2/2008
944,Alan,Baker,abakerq7@mashable.com,Male,39.222.141.241,,11/28/2002
945,Lisa,Kelley,lkelleyq8@amazon.co.uk,Female,30.160.5.30,,2/19/2016
946,Sara,Harris,sharrisq9@symantec.com,Female,6.231.26.221,,8/15/2009
947,Timothy,Rose,troseqa@canalblog.com,Male,174.253.208.6,,3/10/2011
948,Jane,Hicks,jhicksqb@ucla.edu,Female,51.145.242.4,,12/10/2014
949,Kevin,Wagner,kwagnerqc@arstechnica.com,Male,225.134.9.66,,4/14/2012
950,Kathryn,Hamilton,khamiltonqd@istockphoto.com,Female,134.187.104.23,,10/26/2010
951,Edward,Stewart,estewartqe@gizmodo.com,Male,216.155.168.65,,3/21/2001
952,Russell,Lewis,rlewisqf@cdc.gov,Male,230.179.138.85,,1/14/2009
953,Norma,Lawrence,nlawrenceqg@printfriendly.com,Female,78.251.32.218,,2/27/2008
954,Antonio,James,ajamesqh@sogou.com,Male,199.250.218.225,,4/2/2016
955,Sean,Sullivan,ssullivanqi@t.co,Male,99.70.174.27,,7/29/2005
956,Janet,Meyer,jmeyerqj@google.com.hk,Female,132.99.38.129,,8/10/2008
957,Judy,Stevens,jstevensqk@altervista.org,Female,87.25.37.78,,1/9/2013
958,Nancy,Hicks,nhicksql@goo.gl,Female,203.101.227.171,,4/20/2007
959,Louise,Rivera,lriveraqm@hostgator.com,Female,139.11.80.157,,1/30/2001
960,Michelle,Woods,mwoodsqn@cpanel.net,Female,152.177.40.174,,5/14/2011
961,Kenneth,Hawkins,khawkinsqo@csmonitor.com,Male,61.79.39.17,,5/5/2010
962,Henry,Burke,hburkeqp@surveymonkey.com,Male,143.32.196.250,,5/15/2001
963,Walter,Medina,wmedinaqq@nps.gov,Male,39.211.45.252,,10/16/2015
964,Clarence,Taylor,ctaylorqr@seattletimes.com,Male,10.50.33.86,,12/4/2006
965,Pamela,Flores,pfloresqs@reuters.com,Female,137.146.203.227,,2/25/2007
966,Antonio,Bell,abellqt@360.cn,Male,212.195.221.34,,12/14/2014
967,Judith,Cox,jcoxqu@seattletimes.com,Female,188.246.186.26,,3/29/2007
968,Jeffrey,Perry,jperryqv@oracle.com,Male,6.104.29.75,,8/14/2010
969,Martha,Peters,mpetersqw@kickstarter.com,Female,172.195.66.209,,8/12/2000
970,Billy,Ross,brossqx@accuweather.com,Male,229.202.59.196,,11/7/2012
971,Andrea,Bennett,abennettqy@statcounter.com,Female,150.78.191.1,,3/2/2009
972,Billy,Wright,bwrightqz@mashable.com,Male,199.250.151.196,,10/3/2005
973,John,Lee,jleer0@sun.com,Male,226.138.115.117,,3/3/2003
974,Jeffrey,Rice,jricer1@reddit.com,Male,155.179.16.32,,2/5/2013
975,Larry,Kelley,lkelleyr2@shop-pro.jp,Male,189.188.230.206,,5/22/2012
976,Tammy,Stanley,tstanleyr3@1688.com,Female,161.232.71.243,,1/2/2012
977,Arthur,Howard,ahowardr4@histats.com,Male,24.77.10.80,,12/15/2007
978,Kenneth,Ortiz,kortizr5@ebay.com,Male,223.26.0.70,,10/22/2014
979,Harry,Andrews,handrewsr6@tinypic.com,Male,83.243.200.16,,4/1/2015
980,Kimberly,Cruz,kcruzr7@sciencedirect.com,Female,118.186.161.243,,2/11/2001
981,Raymond,Smith,rsmithr8@house.gov,Male,80.135.202.221,,1/9/2011
982,Frank,Clark,fclarkr9@blog.com,Male,208.146.230.185,,7/31/2006
983,Walter,Payne,wpaynera@youtube.com,Male,121.96.29.200,,6/6/2004
984,Judith,Burns,jburnsrb@livejournal.com,Female,197.56.150.245,,8/6/2006
985,Philip,Price,ppricerc@tinypic.com,Male,130.77.0.179,,5/15/2011
986,Wanda,Young,wyoungrd@vkontakte.ru,Female,183.118.132.63,,5/10/2010
987,Amanda,Hunt,ahuntre@gnu.org,Female,97.186.21.198,,10/8/2015
988,Benjamin,Robertson,brobertsonrf@sakura.ne.jp,Male,133.146.191.176,,10/4/2000
989,Bonnie,Thompson,bthompsonrg@indiegogo.com,Female,5.70.76.190,,11/2/2013
990,Michael,Romero,mromerorh@nymag.com,Male,224.189.254.199,,8/6/2005
991,Billy,Bradley,bbradleyri@shop-pro.jp,Male,82.27.35.62,,5/21/2010
992,Rachel,Gardner,rgardnerrj@t.co,Female,145.252.111.67,,1/6/2002
993,Brenda,Anderson,bandersonrk@mlb.com,Female,86.33.156.229,,8/25/2013
994,Shirley,Hall,shallrl@behance.net,Female,54.202.218.191,,9/25/2000
995,Terry,Little,tlittlerm@example.com,Male,38.233.212.12,,9/19/2012
996,Pamela,Turner,pturnerrn@storify.com,Female,78.150.188.156,,6/2/2001
997,Harold,Rogers,hrogersro@opera.com,Male,27.111.155.32,,11/15/2009
998,Cynthia,Rivera,criverarp@51.la,Female,25.225.232.174,,12/4/2013
999,Samuel,Hunt,shuntrq@example.com,Male,223.208.243.188,,3/24/2008
1000,Timothy,Jenkins,tjenkinsrr@vkontakte.ru,Male,253.171.123.38,,7/24/2008
